"external","external href","tablescraper-selected-row 2","tablescraper-selected-row href","tablescraper-selected-row 3","tablescraper-selected-row 4","mw-file-element src","tablescraper-selected-row 5","tablescraper-selected-row href 2"
"@instagram","https://www.instagram.com/instagram","Instagram","https://en.wikipedia.org/wiki/Instagram","698","Social media platform","https://upload.wikimedia.org/wikipedia/en/thumb/a/a4/Flag_of_the_United_States.svg/40px-Flag_of_the_United_States.svg.png","United States","https://en.wikipedia.org/wiki/United_States"
"@cristiano","https://www.instagram.com/cristiano","Cristiano Ronaldo","https://en.wikipedia.org/wiki/Cristiano_Ronaldo","670","Footballer","https://upload.wikimedia.org/wikipedia/commons/thumb/a/a8/Flag_of_Portugal_%28official%29.svg/40px-Flag_of_Portugal_%28official%29.svg.png","Portugal","https://en.wikipedia.org/wiki/Portugal"
"@leomessi","https://www.instagram.com/leomessi","Lionel Messi","https://en.wikipedia.org/wiki/Lionel_Messi","511","Footballer","https://upload.wikimedia.org/wikipedia/commons/thumb/1/1a/Flag_of_Argentina.svg/40px-Flag_of_Argentina.svg.png","Argentina","https://en.wikipedia.org/wiki/Argentina"
"@selenagomez","https://www.instagram.com/selenagomez","Selena Gomez","https://en.wikipedia.org/wiki/Selena_Gomez","415","Musician and actress","https://upload.wikimedia.org/wikipedia/en/thumb/a/a4/Flag_of_the_United_States.svg/40px-Flag_of_the_United_States.svg.png","United States","https://en.wikipedia.org/wiki/United_States"
"@kyliejenner","https://www.instagram.com/kyliejenner","Kylie Jenner","https://en.wikipedia.org/wiki/Kylie_Jenner","391","Media personality","https://upload.wikimedia.org/wikipedia/en/thumb/a/a4/Flag_of_the_United_States.svg/40px-Flag_of_the_United_States.svg.png","United States","https://en.wikipedia.org/wiki/United_States"
"@therock","https://www.instagram.com/therock","Dwayne Johnson","https://en.wikipedia.org/wiki/Dwayne_Johnson","390","Actor and professional wrestler","https://upload.wikimedia.org/wikipedia/en/thumb/a/a4/Flag_of_the_United_States.svg/40px-Flag_of_the_United_States.svg.png","United States","https://en.wikipedia.org/wiki/United_States"
"@arianagrande","https://www.instagram.com/arianagrande","Ariana Grande","https://en.wikipedia.org/wiki/Ariana_Grande","372","Musician and actress","https://upload.wikimedia.org/wikipedia/en/thumb/a/a4/Flag_of_the_United_States.svg/40px-Flag_of_the_United_States.svg.png","United States","https://en.wikipedia.org/wiki/United_States"
"@kimkardashian","https://www.instagram.com/kimkardashian","Kim Kardashian","https://en.wikipedia.org/wiki/Kim_Kardashian","353","Media personality","https://upload.wikimedia.org/wikipedia/en/thumb/a/a4/Flag_of_the_United_States.svg/40px-Flag_of_the_United_States.svg.png","United States","https://en.wikipedia.org/wiki/United_States"
"@beyonce","https://www.instagram.com/beyonce","Beyoncé","https://en.wikipedia.org/wiki/Beyonc%C3%A9","308","Musician and actress","https://upload.wikimedia.org/wikipedia/en/thumb/a/a4/Flag_of_the_United_States.svg/40px-Flag_of_the_United_States.svg.png","United States","https://en.wikipedia.org/wiki/United_States"
"@khloekardashian","https://www.instagram.com/khloekardashian","Khloé Kardashian","https://en.wikipedia.org/wiki/Khlo%C3%A9_Kardashian","299","Media personality","https://upload.wikimedia.org/wikipedia/en/thumb/a/a4/Flag_of_the_United_States.svg/40px-Flag_of_the_United_States.svg.png","United States","https://en.wikipedia.org/wiki/United_States"
"@nike","https://www.instagram.com/nike","Nike","https://en.wikipedia.org/wiki/Nike,_Inc.","298","Sportswear multinational","https://upload.wikimedia.org/wikipedia/en/thumb/a/a4/Flag_of_the_United_States.svg/40px-Flag_of_the_United_States.svg.png","United States","https://en.wikipedia.org/wiki/United_States"
"@lilbieber","https://www.instagram.com/lilbieber","Justin Bieber","https://en.wikipedia.org/wiki/Justin_Bieber","292","Musician","https://upload.wikimedia.org/wikipedia/commons/thumb/d/d9/Flag_of_Canada_%28Pantone%29.svg/40px-Flag_of_Canada_%28Pantone%29.svg.png","Canada","https://en.wikipedia.org/wiki/Canada"
"@kendalljenner","https://www.instagram.com/kendalljenner","Kendall Jenner","https://en.wikipedia.org/wiki/Kendall_Jenner","284","Media personality","https://upload.wikimedia.org/wikipedia/en/thumb/a/a4/Flag_of_the_United_States.svg/40px-Flag_of_the_United_States.svg.png","United States","https://en.wikipedia.org/wiki/United_States"
"@taylorswift","https://www.instagram.com/taylorswift","Taylor Swift","https://en.wikipedia.org/wiki/Taylor_Swift","280","Musician","https://upload.wikimedia.org/wikipedia/en/thumb/a/a4/Flag_of_the_United_States.svg/40px-Flag_of_the_United_States.svg.png","United States","https://en.wikipedia.org/wiki/United_States"
"@natgeo","https://www.instagram.com/natgeo","National Geographic","https://en.wikipedia.org/wiki/National_Geographic","275","Magazine","https://upload.wikimedia.org/wikipedia/en/thumb/a/a4/Flag_of_the_United_States.svg/40px-Flag_of_the_United_States.svg.png","United States","https://en.wikipedia.org/wiki/United_States"
"@virat.kohli","https://www.instagram.com/virat.kohli","Virat Kohli","https://en.wikipedia.org/wiki/Virat_Kohli","274","Cricketer","https://upload.wikimedia.org/wikipedia/en/thumb/4/41/Flag_of_India.svg/40px-Flag_of_India.svg.png","India","https://en.wikipedia.org/wiki/India"
"@jlo","https://www.instagram.com/jlo","Jennifer Lopez","https://en.wikipedia.org/wiki/Jennifer_Lopez","246","Musician and actress","https://upload.wikimedia.org/wikipedia/en/thumb/a/a4/Flag_of_the_United_States.svg/40px-Flag_of_the_United_States.svg.png","United States","https://en.wikipedia.org/wiki/United_States"
"@neymarjr","https://www.instagram.com/neymarjr","Neymar","https://en.wikipedia.org/wiki/Neymar","233","Footballer","https://upload.wikimedia.org/wikipedia/en/thumb/0/05/Flag_of_Brazil.svg/40px-Flag_of_Brazil.svg.png","Brazil","https://en.wikipedia.org/wiki/Brazil"
"@kourtneykardash","https://www.instagram.com/kourtneykardash","Kourtney Kardashian","https://en.wikipedia.org/wiki/Kourtney_Kardashian","215","Media personality","https://upload.wikimedia.org/wikipedia/en/thumb/a/a4/Flag_of_the_United_States.svg/40px-Flag_of_the_United_States.svg.png","United States","https://en.wikipedia.org/wiki/United_States"
"@mileycyrus","https://www.instagram.com/mileycyrus","Miley Cyrus","https://en.wikipedia.org/wiki/Miley_Cyrus","210","Musician and actress","https://upload.wikimedia.org/wikipedia/en/thumb/a/a4/Flag_of_the_United_States.svg/40px-Flag_of_the_United_States.svg.png","United States","https://en.wikipedia.org/wiki/United_States"
"@katyperry","https://www.instagram.com/katyperry","Katy Perry","https://en.wikipedia.org/wiki/Katy_Perry","201","Musician","https://upload.wikimedia.org/wikipedia/en/thumb/a/a4/Flag_of_the_United_States.svg/40px-Flag_of_the_United_States.svg.png","United States","https://en.wikipedia.org/wiki/United_States"
"@realmadrid","https://www.instagram.com/realmadrid","Real Madrid CF","https://en.wikipedia.org/wiki/Real_Madrid_CF","180","Football club","https://upload.wikimedia.org/wikipedia/en/thumb/9/9a/Flag_of_Spain.svg/40px-Flag_of_Spain.svg.png","Spain","https://en.wikipedia.org/wiki/Spain"
"@kevinhart4real","https://www.instagram.com/kevinhart4real","Kevin Hart","https://en.wikipedia.org/wiki/Kevin_Hart","176","Comedian and actor","https://upload.wikimedia.org/wikipedia/en/thumb/a/a4/Flag_of_the_United_States.svg/40px-Flag_of_the_United_States.svg.png","United States","https://en.wikipedia.org/wiki/United_States"
"@zendaya","https://www.instagram.com/zendaya","Zendaya","https://en.wikipedia.org/wiki/Zendaya","175","Actress and singer","https://upload.wikimedia.org/wikipedia/en/thumb/a/a4/Flag_of_the_United_States.svg/40px-Flag_of_the_United_States.svg.png","United States","https://en.wikipedia.org/wiki/United_States"
"@iamcardib","https://www.instagram.com/iamcardib","Cardi B","https://en.wikipedia.org/wiki/Cardi_B","164","Musician and actress","https://upload.wikimedia.org/wikipedia/en/thumb/a/a4/Flag_of_the_United_States.svg/40px-Flag_of_the_United_States.svg.png","United States","https://en.wikipedia.org/wiki/United_States"
"@kingjames","https://www.instagram.com/kingjames","LeBron James","https://en.wikipedia.org/wiki/LeBron_James","157","Basketball player","https://upload.wikimedia.org/wikipedia/en/thumb/a/a4/Flag_of_the_United_States.svg/40px-Flag_of_the_United_States.svg.png","United States","https://en.wikipedia.org/wiki/United_States"
"@ddlovato","https://www.instagram.com/ddlovato","Demi Lovato","https://en.wikipedia.org/wiki/Demi_Lovato","152","Musician and actress","https://upload.wikimedia.org/wikipedia/en/thumb/a/a4/Flag_of_the_United_States.svg/40px-Flag_of_the_United_States.svg.png","United States","https://en.wikipedia.org/wiki/United_States"
"@badgalriri","https://www.instagram.com/badgalriri","Rihanna","https://en.wikipedia.org/wiki/Rihanna","149","Musician","https://upload.wikimedia.org/wikipedia/commons/thumb/e/ef/Flag_of_Barbados.svg/40px-Flag_of_Barbados.svg.png","Barbados","https://en.wikipedia.org/wiki/Barbados"
"@fcbarcelona","https://www.instagram.com/fcbarcelona","FC Barcelona","https://en.wikipedia.org/wiki/FC_Barcelona","146","Football club","https://upload.wikimedia.org/wikipedia/en/thumb/9/9a/Flag_of_Spain.svg/40px-Flag_of_Spain.svg.png","Spain","https://en.wikipedia.org/wiki/Spain"
"@chrisbrownofficial","https://www.instagram.com/chrisbrownofficial","Chris Brown","https://en.wikipedia.org/wiki/Chris_Brown","143","Musician","https://upload.wikimedia.org/wikipedia/en/thumb/a/a4/Flag_of_the_United_States.svg/40px-Flag_of_the_United_States.svg.png","United States","https://en.wikipedia.org/wiki/United_States"
"@champagnepapi","https://www.instagram.com/champagnepapi","Drake","https://en.wikipedia.org/wiki/Drake_(musician)","141","Musician","https://upload.wikimedia.org/wikipedia/commons/thumb/d/d9/Flag_of_Canada_%28Pantone%29.svg/40px-Flag_of_Canada_%28Pantone%29.svg.png","Canada","https://en.wikipedia.org/wiki/Canada"
"@ellendegeneres","https://www.instagram.com/ellendegeneres","Ellen DeGeneres","https://en.wikipedia.org/wiki/Ellen_DeGeneres","134","Comedian and television host","https://upload.wikimedia.org/wikipedia/en/thumb/a/a4/Flag_of_the_United_States.svg/40px-Flag_of_the_United_States.svg.png","United States","https://en.wikipedia.org/wiki/United_States"
"@k.mbappe","https://www.instagram.com/k.mbappe","Kylian Mbappé","https://en.wikipedia.org/wiki/Kylian_Mbapp%C3%A9","129","Footballer","https://upload.wikimedia.org/wikipedia/en/thumb/c/c3/Flag_of_France.svg/40px-Flag_of_France.svg.png","France","https://en.wikipedia.org/wiki/France"
"@billieeilish","https://www.instagram.com/billieeilish","Billie Eilish","https://en.wikipedia.org/wiki/Billie_Eilish","125","Musician","https://upload.wikimedia.org/wikipedia/en/thumb/a/a4/Flag_of_the_United_States.svg/40px-Flag_of_the_United_States.svg.png","United States","https://en.wikipedia.org/wiki/United_States"
"@championsleague","https://www.instagram.com/championsleague","UEFA Champions League","https://en.wikipedia.org/wiki/UEFA_Champions_League","121","Club football competition","https://upload.wikimedia.org/wikipedia/commons/thumb/b/b7/Flag_of_Europe.svg/40px-Flag_of_Europe.svg.png","Europe","https://en.wikipedia.org/wiki/Europe"
"@lalalalisa_m","https://www.instagram.com/lalalalisa_m","Lisa","https://en.wikipedia.org/wiki/Lisa_(rapper)","106","Musician","https://upload.wikimedia.org/wikipedia/commons/thumb/a/a9/Flag_of_Thailand.svg/40px-Flag_of_Thailand.svg.png","Thailand","https://en.wikipedia.org/wiki/Thailand"
"@gal_gadot","https://www.instagram.com/gal_gadot","Gal Gadot","https://en.wikipedia.org/wiki/Gal_Gadot","106","Actress","https://upload.wikimedia.org/wikipedia/commons/thumb/d/d4/Flag_of_Israel.svg/40px-Flag_of_Israel.svg.png","Israel","https://en.wikipedia.org/wiki/Israel"
"@vindiesel","https://www.instagram.com/vindiesel","Vin Diesel","https://en.wikipedia.org/wiki/Vin_Diesel","105","Actor","https://upload.wikimedia.org/wikipedia/en/thumb/a/a4/Flag_of_the_United_States.svg/40px-Flag_of_the_United_States.svg.png","United States","https://en.wikipedia.org/wiki/United_States"
"@narendramodi","https://www.instagram.com/narendramodi","Narendra Modi","https://en.wikipedia.org/wiki/Narendra_Modi","99.7","Prime Minister of India (2014–present)","https://upload.wikimedia.org/wikipedia/en/thumb/4/41/Flag_of_India.svg/40px-Flag_of_India.svg.png","India","https://en.wikipedia.org/wiki/India"
"@nasa","https://www.instagram.com/nasa","NASA","https://en.wikipedia.org/wiki/NASA","98.6","Space agency","https://upload.wikimedia.org/wikipedia/en/thumb/a/a4/Flag_of_the_United_States.svg/40px-Flag_of_the_United_States.svg.png","United States","https://en.wikipedia.org/wiki/United_States"
"@shakira","https://www.instagram.com/shakira","Shakira","https://en.wikipedia.org/wiki/Shakira","95.6","Musician","https://upload.wikimedia.org/wikipedia/commons/thumb/2/21/Flag_of_Colombia.svg/40px-Flag_of_Colombia.svg.png","Colombia","https://en.wikipedia.org/wiki/Colombia"
"@shraddhakapoor","https://www.instagram.com/shraddhakapoor","Shraddha Kapoor","https://en.wikipedia.org/wiki/Shraddha_Kapoor","94.9","Actress","https://upload.wikimedia.org/wikipedia/en/thumb/4/41/Flag_of_India.svg/40px-Flag_of_India.svg.png","India","https://en.wikipedia.org/wiki/India"
"@priyankachopra","https://www.instagram.com/priyankachopra","Priyanka Chopra","https://en.wikipedia.org/wiki/Priyanka_Chopra","94.1","Actress","https://upload.wikimedia.org/wikipedia/en/thumb/4/41/Flag_of_India.svg/40px-Flag_of_India.svg.png","India","https://en.wikipedia.org/wiki/India"
"@nba","https://www.instagram.com/nba","NBA","https://en.wikipedia.org/wiki/National_Basketball_Association","90.2","Basketball league","https://upload.wikimedia.org/wikipedia/en/thumb/a/a4/Flag_of_the_United_States.svg/40px-Flag_of_the_United_States.svg.png","United States","https://en.wikipedia.org/wiki/United_States"
"@jennierubyjane","https://www.instagram.com/jennierubyjane","Jennie","https://en.wikipedia.org/wiki/Jennie_(singer)","89.3","Musician","https://upload.wikimedia.org/wikipedia/commons/thumb/0/09/Flag_of_South_Korea.svg/40px-Flag_of_South_Korea.svg.png","South Korea","https://en.wikipedia.org/wiki/South_Korea"
"@dualipa","https://www.instagram.com/dualipa","Dua Lipa","https://en.wikipedia.org/wiki/Dua_Lipa","88.7","Musician","https://upload.wikimedia.org/wikipedia/en/thumb/a/ae/Flag_of_the_United_Kingdom.svg/40px-Flag_of_the_United_Kingdom.svg.png","United Kingdom","https://en.wikipedia.org/wiki/United_Kingdom"
"@davidbeckham","https://www.instagram.com/davidbeckham","David Beckham","https://en.wikipedia.org/wiki/David_Beckham","88.5","Footballer","https://upload.wikimedia.org/wikipedia/en/thumb/a/ae/Flag_of_the_United_Kingdom.svg/40px-Flag_of_the_United_Kingdom.svg.png","United Kingdom","https://en.wikipedia.org/wiki/United_Kingdom"
"@snoopdogg","https://www.instagram.com/snoopdogg","Snoop Dogg","https://en.wikipedia.org/wiki/Snoop_Dogg","88.4","Musician","https://upload.wikimedia.org/wikipedia/en/thumb/a/a4/Flag_of_the_United_States.svg/40px-Flag_of_the_United_States.svg.png","United States","https://en.wikipedia.org/wiki/United_States"
"@aliaabhatt","https://www.instagram.com/aliaabhatt","Alia Bhatt","https://en.wikipedia.org/wiki/Alia_Bhatt","86.9","Actress","https://upload.wikimedia.org/wikipedia/en/thumb/4/41/Flag_of_India.svg/40px-Flag_of_India.svg.png","India","https://en.wikipedia.org/wiki/India"
"@roses_are_rosie","https://www.instagram.com/roses_are_rosie","Rosé","https://en.wikipedia.org/wiki/Ros%C3%A9_(singer)","84.3","Musician","https://upload.wikimedia.org/wikipedia/commons/thumb/3/3e/Flag_of_New_Zealand.svg/40px-Flag_of_New_Zealand.svg.png","New Zealand","https://en.wikipedia.org/wiki/New_Zealand"