"min-w-7 src","border-wpr-table_border","border-wpr-table_border href","border-wpr-table_border 2","border-wpr-table_border 3"
"https://worldpopulationreview.com/images/country-flags/svg/us.svg","United States","https://worldpopulationreview.com/countries/united-states","89.7M","25,699"
"https://worldpopulationreview.com/images/country-flags/svg/br.svg","Brazil","https://worldpopulationreview.com/countries/brazil","67.8M","31,747"
"https://worldpopulationreview.com/images/country-flags/svg/cn.svg","China","https://worldpopulationreview.com/countries/china","52.6M","3,721"
"https://worldpopulationreview.com/images/country-flags/svg/in.svg","India","https://worldpopulationreview.com/countries/india","36.9M","2,496"
"https://worldpopulationreview.com/images/country-flags/svg/ru.svg","Russia","https://worldpopulationreview.com/countries/russia","17M","11,855"
"https://worldpopulationreview.com/images/country-flags/svg/gb.svg","United Kingdom","https://worldpopulationreview.com/countries/united-kingdom","11.7M","16,731"
"https://worldpopulationreview.com/images/country-flags/svg/ph.svg","Philippines","https://worldpopulationreview.com/countries/philippines","11.6M","9,854"
"https://worldpopulationreview.com/images/country-flags/svg/de.svg","Germany","https://worldpopulationreview.com/countries/germany","10.5M","12,553"
"https://worldpopulationreview.com/images/country-flags/svg/es.svg","Spain","https://worldpopulationreview.com/countries/spain","9.5M","19,776"
"https://worldpopulationreview.com/images/country-flags/svg/ar.svg","Argentina","https://worldpopulationreview.com/countries/argentina","9.2M","19,998"
"https://worldpopulationreview.com/images/country-flags/svg/it.svg","Italy","https://worldpopulationreview.com/countries/italy","8.8M","14,876"
"https://worldpopulationreview.com/images/country-flags/svg/ca.svg","Canada","https://worldpopulationreview.com/countries/canada","8.7M","21,576"
"https://worldpopulationreview.com/images/country-flags/svg/pl.svg","Poland","https://worldpopulationreview.com/countries/poland","8.4M","22,303"
"https://worldpopulationreview.com/images/country-flags/svg/fr.svg","France","https://worldpopulationreview.com/countries/france","7.6M","11,386"
"https://worldpopulationreview.com/images/country-flags/svg/za.svg","South Africa","https://worldpopulationreview.com/countries/south-africa","7.4M","11,306"
"https://worldpopulationreview.com/images/country-flags/svg/au.svg","Australia","https://worldpopulationreview.com/countries/australia","7.4M","27,179"
"https://worldpopulationreview.com/images/country-flags/svg/jp.svg","Japan","https://worldpopulationreview.com/countries/japan","6.8M","5,554"
"https://worldpopulationreview.com/images/country-flags/svg/kr.svg","South Korea","https://worldpopulationreview.com/countries/south-korea","5.5M","10,562"
"https://worldpopulationreview.com/images/country-flags/svg/et.svg","Ethiopia","https://worldpopulationreview.com/countries/ethiopia","5M","3,600"
"https://worldpopulationreview.com/images/country-flags/svg/ro.svg","Romania","https://worldpopulationreview.com/countries/romania","4.3M","22,611"
"https://worldpopulationreview.com/images/country-flags/svg/pt.svg","Portugal","https://worldpopulationreview.com/countries/portugal","3M","28,936"
"https://worldpopulationreview.com/images/country-flags/svg/hu.svg","Hungary","https://worldpopulationreview.com/countries/hungary","2.8M","28,918"
"https://worldpopulationreview.com/images/country-flags/svg/cz.svg","Czechia","https://worldpopulationreview.com/countries/czechia","2.2M","21,173"
"https://worldpopulationreview.com/images/country-flags/svg/be.svg","Belgium","https://worldpopulationreview.com/countries/belgium","2.1M","17,427"
"https://worldpopulationreview.com/images/country-flags/svg/nl.svg","Netherlands","https://worldpopulationreview.com/countries/netherlands","1.8M","9,632"
"https://worldpopulationreview.com/images/country-flags/svg/tr.svg","Turkey","https://worldpopulationreview.com/countries/turkey","1.7M","1,882"
"https://worldpopulationreview.com/images/country-flags/svg/se.svg","Sweden","https://worldpopulationreview.com/countries/sweden","1.1M","9,924"
"https://worldpopulationreview.com/images/country-flags/svg/sk.svg","Slovakia","https://worldpopulationreview.com/countries/slovakia","909K","16,675"
"https://worldpopulationreview.com/images/country-flags/svg/at.svg","Austria","https://worldpopulationreview.com/countries/austria","836K","9,179"
"https://worldpopulationreview.com/images/country-flags/svg/fi.svg","Finland","https://worldpopulationreview.com/countries/finland","805K","14,319"
"https://worldpopulationreview.com/images/country-flags/svg/bg.svg","Bulgaria","https://worldpopulationreview.com/countries/bulgaria","729K","10,933"
"https://worldpopulationreview.com/images/country-flags/svg/gr.svg","Greece","https://worldpopulationreview.com/countries/greece","652K","6,588"
"https://worldpopulationreview.com/images/country-flags/svg/dk.svg","Denmark","https://worldpopulationreview.com/countries/denmark","641K","10,642"
"https://worldpopulationreview.com/images/country-flags/svg/lt.svg","Lithuania","https://worldpopulationreview.com/countries/lithuania","614K","21,949"
"https://worldpopulationreview.com/images/country-flags/svg/il.svg","Israel","https://worldpopulationreview.com/countries/israel","600K","6,219"
"https://worldpopulationreview.com/images/country-flags/svg/nz.svg","New Zealand","https://worldpopulationreview.com/countries/new-zealand","578.2K","10,934"
"https://worldpopulationreview.com/images/country-flags/svg/ie.svg","Ireland","https://worldpopulationreview.com/countries/ireland","517K","9,651"
"https://worldpopulationreview.com/images/country-flags/svg/ch.svg","Switzerland","https://worldpopulationreview.com/countries/switzerland","515K","5,717"
"https://worldpopulationreview.com/images/country-flags/svg/no.svg","Norway","https://worldpopulationreview.com/countries/norway","500K","8,845"
"https://worldpopulationreview.com/images/country-flags/svg/lv.svg","Latvia","https://worldpopulationreview.com/countries/latvia","271K","14,761"
"https://worldpopulationreview.com/images/country-flags/svg/ee.svg","Estonia","https://worldpopulationreview.com/countries/estonia","250K","18,782"
"","Total","","409.2M",""