"min-w-7 src","border-wpr-table_border","border-wpr-table_border href","border-wpr-table_border 2","border-wpr-table_border 3","border-wpr-table_border 4"
"https://worldpopulationreview.com/images/country-flags/svg/cn.svg","China","https://worldpopulationreview.com/countries/china","1.8B","125.48","2022"
"https://worldpopulationreview.com/images/country-flags/svg/in.svg","India","https://worldpopulationreview.com/countries/india","1.1B","78.78","2022"
"https://worldpopulationreview.com/images/country-flags/svg/us.svg","United States","https://worldpopulationreview.com/countries/united-states","372.7M","107.89","2022"
"https://worldpopulationreview.com/images/country-flags/svg/id.svg","Indonesia","https://worldpopulationreview.com/countries/indonesia","316.6M","111.66","2022"
"https://worldpopulationreview.com/images/country-flags/svg/ru.svg","Russia","https://worldpopulationreview.com/countries/russia","245.3M","169.36","2022"
"https://worldpopulationreview.com/images/country-flags/svg/ng.svg","Nigeria","https://worldpopulationreview.com/countries/nigeria","222.2M","95.51","2022"
"https://worldpopulationreview.com/images/country-flags/svg/br.svg","Brazil","https://worldpopulationreview.com/countries/brazil","212.9M","100.44","2022"
"https://worldpopulationreview.com/images/country-flags/svg/jp.svg","Japan","https://worldpopulationreview.com/countries/japan","207.6M","167.79","2022"
"https://worldpopulationreview.com/images/country-flags/svg/pk.svg","Pakistan","https://worldpopulationreview.com/countries/pakistan","192.8M","76.72","2022"
"https://worldpopulationreview.com/images/country-flags/svg/bd.svg","Bangladesh","https://worldpopulationreview.com/countries/bangladesh","180.2M","103.82","2022"
"https://worldpopulationreview.com/images/country-flags/svg/ph.svg","Philippines","https://worldpopulationreview.com/countries/philippines","166.5M","143.69","2022"
"https://worldpopulationreview.com/images/country-flags/svg/ir.svg","Iran","https://worldpopulationreview.com/countries/iran","145.7M","159.08","2022"
"https://worldpopulationreview.com/images/country-flags/svg/vn.svg","Vietnam","https://worldpopulationreview.com/countries/vietnam","137.4M","136.07","2022"
"https://worldpopulationreview.com/images/country-flags/svg/mx.svg","Mexico","https://worldpopulationreview.com/countries/mexico","127.9M","97.72","2022"
"https://worldpopulationreview.com/images/country-flags/svg/th.svg","Thailand","https://worldpopulationreview.com/countries/thailand","126.4M","176.39","2022"
"https://worldpopulationreview.com/images/country-flags/svg/de.svg","Germany","https://worldpopulationreview.com/countries/germany","104.4M","123.47","2022"
"https://worldpopulationreview.com/images/country-flags/svg/eg.svg","Egypt","https://worldpopulationreview.com/countries/egypt","103.5M","88.77","2022"
"https://worldpopulationreview.com/images/country-flags/svg/za.svg","South Africa","https://worldpopulationreview.com/countries/south-africa","100.3M","156.64","2022"
"https://worldpopulationreview.com/images/country-flags/svg/tr.svg","Turkey","https://worldpopulationreview.com/countries/turkey","90.3M","103.23","2022"
"https://worldpopulationreview.com/images/country-flags/svg/gb.svg","United Kingdom","https://worldpopulationreview.com/countries/united-kingdom","81.6M","117.97","2022"
"https://worldpopulationreview.com/images/country-flags/svg/co.svg","Colombia","https://worldpopulationreview.com/countries/colombia","80.8M","152.80","2022"
"https://worldpopulationreview.com/images/country-flags/svg/it.svg","Italy","https://worldpopulationreview.com/countries/italy","78.5M","132.29","2022"
"https://worldpopulationreview.com/images/country-flags/svg/kr.svg","South Korea","https://worldpopulationreview.com/countries/south-korea","77M","148.87","2022"
"https://worldpopulationreview.com/images/country-flags/svg/fr.svg","France","https://worldpopulationreview.com/countries/france","76.8M","115.42","2022"
"https://worldpopulationreview.com/images/country-flags/svg/et.svg","Ethiopia","https://worldpopulationreview.com/countries/ethiopia","69.1M","52.34","2022"
"https://worldpopulationreview.com/images/country-flags/svg/ke.svg","Kenya","https://worldpopulationreview.com/countries/kenya","65.7M","116.49","2022"
"https://worldpopulationreview.com/images/country-flags/svg/ar.svg","Argentina","https://worldpopulationreview.com/countries/argentina","60.2M","131.82","2022"
"https://worldpopulationreview.com/images/country-flags/svg/tz.svg","Tanzania","https://worldpopulationreview.com/countries/tanzania","60.2M","87.79","2022"
"https://worldpopulationreview.com/images/country-flags/svg/es.svg","Spain","https://worldpopulationreview.com/countries/spain","59M","123.19","2022"
"https://worldpopulationreview.com/images/country-flags/svg/ma.svg","Morocco","https://worldpopulationreview.com/countries/morocco","53M","139.07","2022"
"https://worldpopulationreview.com/images/country-flags/svg/pl.svg","Poland","https://worldpopulationreview.com/countries/poland","52.6M","136.46","2022"
"https://worldpopulationreview.com/images/country-flags/svg/cd.svg","DR Congo","https://worldpopulationreview.com/countries/dr-congo","49.8M","45.61","2022"
"https://worldpopulationreview.com/images/country-flags/svg/ua.svg","Ukraine","https://worldpopulationreview.com/countries/ukraine","49.3M","130.23","2022"
"https://worldpopulationreview.com/images/country-flags/svg/dz.svg","Algeria","https://worldpopulationreview.com/countries/algeria","49M","104.71","2022"
"https://worldpopulationreview.com/images/country-flags/svg/ci.svg","Ivory Coast","https://worldpopulationreview.com/countries/ivory-coast","49M","153.46","2022"
"https://worldpopulationreview.com/images/country-flags/svg/sa.svg","Saudi Arabia","https://worldpopulationreview.com/countries/saudi-arabia","48.2M","141.91","2022"
"https://worldpopulationreview.com/images/country-flags/svg/my.svg","Malaysia","https://worldpopulationreview.com/countries/malaysia","48M","134.86","2022"
"https://worldpopulationreview.com/images/country-flags/svg/iq.svg","Iraq","https://worldpopulationreview.com/countries/iraq","43.7M","94.89","2022"
"https://worldpopulationreview.com/images/country-flags/svg/pe.svg","Peru","https://worldpopulationreview.com/countries/peru","41.5M","121.43","2022"
"https://worldpopulationreview.com/images/country-flags/svg/gh.svg","Ghana","https://worldpopulationreview.com/countries/ghana","40M","116.32","2022"
"https://worldpopulationreview.com/images/country-flags/svg/np.svg","Nepal","https://worldpopulationreview.com/countries/nepal","38.2M","128.88","2021"
"https://worldpopulationreview.com/images/country-flags/svg/uz.svg","Uzbekistan","https://worldpopulationreview.com/countries/uzbekistan","35.7M","98.15","2022"
"https://worldpopulationreview.com/images/country-flags/svg/ca.svg","Canada","https://worldpopulationreview.com/countries/canada","35.1M","88.27","2022"
"https://worldpopulationreview.com/images/country-flags/svg/sd.svg","Sudan","https://worldpopulationreview.com/countries/sudan","34.7M","68.72","2022"
"https://worldpopulationreview.com/images/country-flags/svg/ug.svg","Uganda","https://worldpopulationreview.com/countries/uganda","33.1M","66.12","2022"
"https://worldpopulationreview.com/images/country-flags/svg/lk.svg","Sri Lanka","https://worldpopulationreview.com/countries/sri-lanka","31.2M","135.20","2022"
"https://worldpopulationreview.com/images/country-flags/svg/tw.svg","Taiwan","https://worldpopulationreview.com/countries/taiwan","30M","129.23","2023"
"https://worldpopulationreview.com/images/country-flags/svg/au.svg","Australia","https://worldpopulationreview.com/countries/australia","28M","104.88","2022"
"https://worldpopulationreview.com/images/country-flags/svg/cl.svg","Chile","https://worldpopulationreview.com/countries/chile","26.4M","133.65","2022"
"https://worldpopulationreview.com/images/country-flags/svg/ml.svg","Mali","https://worldpopulationreview.com/countries/mali","25.9M","105.68","2022"
"https://worldpopulationreview.com/images/country-flags/svg/kz.svg","Kazakhstan","https://worldpopulationreview.com/countries/kazakhstan","25.3M","122.85","2022"
"https://worldpopulationreview.com/images/country-flags/svg/bf.svg","Burkina Faso","https://worldpopulationreview.com/countries/burkina-faso","24.7M","104.80","2021"
"https://worldpopulationreview.com/images/country-flags/svg/ao.svg","Angola","https://worldpopulationreview.com/countries/angola","24M","63.29","2022"
"https://worldpopulationreview.com/images/country-flags/svg/ro.svg","Romania","https://worldpopulationreview.com/countries/romania","23.2M","122.11","2022"
"https://worldpopulationreview.com/images/country-flags/svg/cm.svg","Cameroon","https://worldpopulationreview.com/countries/cameroon","23.1M","79.34","2022"
"https://worldpopulationreview.com/images/country-flags/svg/af.svg","Afghanistan","https://worldpopulationreview.com/countries/afghanistan","22.7M","53.18","2021"
"https://worldpopulationreview.com/images/country-flags/svg/hk.svg","Hong Kong","https://worldpopulationreview.com/countries/hong-kong","21.9M","294.82","2022"
"https://worldpopulationreview.com/images/country-flags/svg/sn.svg","Senegal","https://worldpopulationreview.com/countries/senegal","20.9M","112.72","2022"
"https://worldpopulationreview.com/images/country-flags/svg/mg.svg","Madagascar","https://worldpopulationreview.com/countries/madagascar","20.8M","65.02","2022"
"https://worldpopulationreview.com/images/country-flags/svg/nl.svg","Netherlands","https://worldpopulationreview.com/countries/netherlands","20.7M","113.76","2022"
"https://worldpopulationreview.com/images/country-flags/svg/gt.svg","Guatemala","https://worldpopulationreview.com/countries/guatemala","20.6M","111.66","2022"
"https://worldpopulationreview.com/images/country-flags/svg/ae.svg","United Arab Emirates","https://worldpopulationreview.com/countries/united-arab-emirates","20M","181.70","2022"
"https://worldpopulationreview.com/images/country-flags/svg/zm.svg","Zambia","https://worldpopulationreview.com/countries/zambia","19.8M","93.07","2022"
"https://worldpopulationreview.com/images/country-flags/svg/kh.svg","Cambodia","https://worldpopulationreview.com/countries/cambodia","19.5M","110.58","2022"
"https://worldpopulationreview.com/images/country-flags/svg/ve.svg","Venezuela","https://worldpopulationreview.com/countries/venezuela","17.9M","63.19","2022"
"https://worldpopulationreview.com/images/country-flags/svg/ec.svg","Ecuador","https://worldpopulationreview.com/countries/ecuador","17.5M","96.45","2022"
"https://worldpopulationreview.com/images/country-flags/svg/sy.svg","Syria","https://worldpopulationreview.com/countries/syria","17M","68.87","2021"
"https://worldpopulationreview.com/images/country-flags/svg/tn.svg","Tunisia","https://worldpopulationreview.com/countries/tunisia","16M","130.09","2022"
"https://worldpopulationreview.com/images/country-flags/svg/ye.svg","Yemen","https://worldpopulationreview.com/countries/yemen","15.2M","37.40","2021"
"https://worldpopulationreview.com/images/country-flags/svg/bj.svg","Benin","https://worldpopulationreview.com/countries/benin","14.6M","100.60","2022"
"https://worldpopulationreview.com/images/country-flags/svg/zw.svg","Zimbabwe","https://worldpopulationreview.com/countries/zimbabwe","14.3M","85.97","2022"
"https://worldpopulationreview.com/images/country-flags/svg/ne.svg","Niger","https://worldpopulationreview.com/countries/niger","14.2M","52.67","2021"
"https://worldpopulationreview.com/images/country-flags/svg/ly.svg","Libya","https://worldpopulationreview.com/countries/libya","13.9M","188.86","2022"
"https://worldpopulationreview.com/images/country-flags/svg/mz.svg","Mozambique","https://worldpopulationreview.com/countries/mozambique","13.9M","40.05","2022"
"https://worldpopulationreview.com/images/country-flags/svg/gn.svg","Guinea","https://worldpopulationreview.com/countries/guinea","13.8M","93.49","2021"
"https://worldpopulationreview.com/images/country-flags/svg/il.svg","Israel","https://worldpopulationreview.com/countries/israel","13.8M","146.56","2022"
"https://worldpopulationreview.com/images/country-flags/svg/cz.svg","Czechia","https://worldpopulationreview.com/countries/czechia","13.5M","125.51","2022"
"https://worldpopulationreview.com/images/country-flags/svg/se.svg","Sweden","https://worldpopulationreview.com/countries/sweden","13.2M","124.39","2022"
"https://worldpopulationreview.com/images/country-flags/svg/pt.svg","Portugal","https://worldpopulationreview.com/countries/portugal","12.8M","122.70","2022"
"https://worldpopulationreview.com/images/country-flags/svg/mw.svg","Malawi","https://worldpopulationreview.com/countries/malawi","12.3M","56.66","2022"
"https://worldpopulationreview.com/images/country-flags/svg/td.svg","Chad","https://worldpopulationreview.com/countries/chad","12.1M","59.54","2022"
"https://worldpopulationreview.com/images/country-flags/svg/bo.svg","Bolivia","https://worldpopulationreview.com/countries/bolivia","12M","96.94","2021"
"https://worldpopulationreview.com/images/country-flags/svg/be.svg","Belgium","https://worldpopulationreview.com/countries/belgium","11.9M","101.15","2022"
"https://worldpopulationreview.com/images/country-flags/svg/by.svg","Belarus","https://worldpopulationreview.com/countries/belarus","11.8M","129.97","2022"
"https://worldpopulationreview.com/images/country-flags/svg/tj.svg","Tajikistan","https://worldpopulationreview.com/countries/tajikistan","11.6M","109.38","2021"
"https://worldpopulationreview.com/images/country-flags/svg/sv.svg","El Salvador","https://worldpopulationreview.com/countries/el-salvador","11.5M","181.58","2022"
"https://worldpopulationreview.com/images/country-flags/svg/gr.svg","Greece","https://worldpopulationreview.com/countries/greece","11.3M","112.72","2022"
"https://worldpopulationreview.com/images/country-flags/svg/az.svg","Azerbaijan","https://worldpopulationreview.com/countries/azerbaijan","11.1M","107.08","2022"
"https://worldpopulationreview.com/images/country-flags/svg/at.svg","Austria","https://worldpopulationreview.com/countries/austria","11M","120.99","2022"
"https://worldpopulationreview.com/images/country-flags/svg/rw.svg","Rwanda","https://worldpopulationreview.com/countries/rwanda","11M","77.17","2022"
"https://worldpopulationreview.com/images/country-flags/svg/ch.svg","Switzerland","https://worldpopulationreview.com/countries/switzerland","10.4M","117.13","2022"
"https://worldpopulationreview.com/images/country-flags/svg/hu.svg","Hungary","https://worldpopulationreview.com/countries/hungary","10.4M","107.19","2022"
"https://worldpopulationreview.com/images/country-flags/svg/do.svg","Dominican Republic","https://worldpopulationreview.com/countries/dominican-republic","10.2M","88.82","2022"
"https://worldpopulationreview.com/images/country-flags/svg/sg.svg","Singapore","https://worldpopulationreview.com/countries/singapore","9.4M","160.33","2022"
"https://worldpopulationreview.com/images/country-flags/svg/so.svg","Somalia","https://worldpopulationreview.com/countries/somalia","8.8M","46.52","2022"
"https://worldpopulationreview.com/images/country-flags/svg/py.svg","Paraguay","https://worldpopulationreview.com/countries/paraguay","8.7M","124.96","2022"
"https://worldpopulationreview.com/images/country-flags/svg/rs.svg","Serbia","https://worldpopulationreview.com/countries/serbia","8.6M","127.98","2022"
"https://worldpopulationreview.com/images/country-flags/svg/kg.svg","Kyrgyzstan","https://worldpopulationreview.com/countries/kyrgyzstan","8.5M","118.44","2021"
"https://worldpopulationreview.com/images/country-flags/svg/sl.svg","Sierra Leone","https://worldpopulationreview.com/countries/sierra-leone","8.2M","95.20","2021"
"https://worldpopulationreview.com/images/country-flags/svg/bg.svg","Bulgaria","https://worldpopulationreview.com/countries/bulgaria","8M","117.85","2022"
"https://worldpopulationreview.com/images/country-flags/svg/hn.svg","Honduras","https://worldpopulationreview.com/countries/honduras","7.9M","73.32","2022"
"https://worldpopulationreview.com/images/country-flags/svg/cr.svg","Costa Rica","https://worldpopulationreview.com/countries/costa-rica","7.9M","153.53","2022"
"https://worldpopulationreview.com/images/country-flags/svg/kw.svg","Kuwait","https://worldpopulationreview.com/countries/kuwait","7.7M","156.57","2022"
"https://worldpopulationreview.com/images/country-flags/svg/jo.svg","Jordan","https://worldpopulationreview.com/countries/jordan","7.6M","66.01","2022"
"https://worldpopulationreview.com/images/country-flags/svg/cu.svg","Cuba","https://worldpopulationreview.com/countries/cuba","7.6M","69.22","2022"
"https://worldpopulationreview.com/images/country-flags/svg/bi.svg","Burundi","https://worldpopulationreview.com/countries/burundi","7.5M","53.18","2022"
"https://worldpopulationreview.com/images/country-flags/svg/sk.svg","Slovakia","https://worldpopulationreview.com/countries/slovakia","7.4M","135.20","2022"
"https://worldpopulationreview.com/images/country-flags/svg/dk.svg","Denmark","https://worldpopulationreview.com/countries/denmark","7.4M","124.54","2022"
"https://worldpopulationreview.com/images/country-flags/svg/ht.svg","Haiti","https://worldpopulationreview.com/countries/haiti","7.3M","62.17","2021"
"https://worldpopulationreview.com/images/country-flags/svg/fi.svg","Finland","https://worldpopulationreview.com/countries/finland","7.1M","126.93","2022"
"https://worldpopulationreview.com/images/country-flags/svg/pa.svg","Panama","https://worldpopulationreview.com/countries/panama","6.9M","152.60","2022"
"https://worldpopulationreview.com/images/country-flags/svg/om.svg","Oman","https://worldpopulationreview.com/countries/oman","6.8M","127.80","2022"
"https://worldpopulationreview.com/images/country-flags/svg/ni.svg","Nicaragua","https://worldpopulationreview.com/countries/nicaragua","6.7M","96.18","2021"
"https://worldpopulationreview.com/images/country-flags/svg/tg.svg","Togo","https://worldpopulationreview.com/countries/togo","6.6M","68.98","2022"
"https://worldpopulationreview.com/images/country-flags/svg/tm.svg","Turkmenistan","https://worldpopulationreview.com/countries/turkmenistan","6.3M","83.46","2021"
"https://worldpopulationreview.com/images/country-flags/svg/no.svg","Norway","https://worldpopulationreview.com/countries/norway","6M","107.86","2022"
"https://worldpopulationreview.com/images/country-flags/svg/kp.svg","North Korea","https://worldpopulationreview.com/countries/north-korea","6M","22.64","2021"
"https://worldpopulationreview.com/images/country-flags/svg/nz.svg","New Zealand","https://worldpopulationreview.com/countries/new-zealand","5.9M","114.06","2022"
"https://worldpopulationreview.com/images/country-flags/svg/ge.svg","Georgia","https://worldpopulationreview.com/countries/georgia","5.8M","153.48","2022"
"https://worldpopulationreview.com/images/country-flags/svg/ie.svg","Ireland","https://worldpopulationreview.com/countries/ireland","5.7M","108.28","2022"
"https://worldpopulationreview.com/images/country-flags/svg/cg.svg","Republic of the Congo","https://worldpopulationreview.com/countries/republic-of-the-congo","5.6M","89.18","2021"
"https://worldpopulationreview.com/images/country-flags/svg/mr.svg","Mauritania","https://worldpopulationreview.com/countries/mauritania","5.4M","103.65","2022"
"https://worldpopulationreview.com/images/country-flags/svg/mn.svg","Mongolia","https://worldpopulationreview.com/countries/mongolia","4.8M","139.14","2022"
"https://worldpopulationreview.com/images/country-flags/svg/la.svg","Laos","https://worldpopulationreview.com/countries/laos","4.8M","62.07","2021"
"https://worldpopulationreview.com/images/country-flags/svg/pg.svg","Papua New Guinea","https://worldpopulationreview.com/countries/papua-new-guinea","4.8M","45.55","2021"
"https://worldpopulationreview.com/images/country-flags/svg/uy.svg","Uruguay","https://worldpopulationreview.com/countries/uruguay","4.7M","139.99","2022"
"https://worldpopulationreview.com/images/country-flags/svg/qa.svg","Qatar","https://worldpopulationreview.com/countries/qatar","4.7M","153.95","2022"
"https://worldpopulationreview.com/images/country-flags/svg/hr.svg","Croatia","https://worldpopulationreview.com/countries/croatia","4.5M","115.60","2022"
"https://worldpopulationreview.com/images/country-flags/svg/ps.svg","Palestine","https://worldpopulationreview.com/countries/palestine","4.4M","79.85","2022"
"https://worldpopulationreview.com/images/country-flags/svg/bw.svg","Botswana","https://worldpopulationreview.com/countries/botswana","4.3M","172.46","2022"
"https://worldpopulationreview.com/images/country-flags/svg/lb.svg","Lebanon","https://worldpopulationreview.com/countries/lebanon","4.3M","73.86","2021"
"https://worldpopulationreview.com/images/country-flags/svg/md.svg","Moldova","https://worldpopulationreview.com/countries/moldova","4.2M","137.40","2022"
"https://worldpopulationreview.com/images/country-flags/svg/pr.svg","Puerto Rico","https://worldpopulationreview.com/countries/puerto-rico","3.9M","120.17","2022"
"https://worldpopulationreview.com/images/country-flags/svg/lt.svg","Lithuania","https://worldpopulationreview.com/countries/lithuania","3.8M","133.82","2022"
"https://worldpopulationreview.com/images/country-flags/svg/ba.svg","Bosnia and Herzegovina","https://worldpopulationreview.com/countries/bosnia-and-herzegovina","3.8M","120.47","2022"
"https://worldpopulationreview.com/images/country-flags/svg/am.svg","Armenia","https://worldpopulationreview.com/countries/armenia","3.8M","126.47","2022"
"https://worldpopulationreview.com/images/country-flags/svg/ss.svg","South Sudan","https://worldpopulationreview.com/countries/south-sudan","3.3M","27.43","2022"
"https://worldpopulationreview.com/images/country-flags/svg/jm.svg","Jamaica","https://worldpopulationreview.com/countries/jamaica","3M","105.77","2022"
"https://worldpopulationreview.com/images/country-flags/svg/ga.svg","Gabon","https://worldpopulationreview.com/countries/gabon","3M","117.96","2022"
"https://worldpopulationreview.com/images/country-flags/svg/na.svg","Namibia","https://worldpopulationreview.com/countries/namibia","2.9M","95.90","2022"
"https://worldpopulationreview.com/images/country-flags/svg/al.svg","Albania","https://worldpopulationreview.com/countries/albania","2.8M","99.65","2022"
"https://worldpopulationreview.com/images/country-flags/svg/gm.svg","Gambia","https://worldpopulationreview.com/countries/gambia","2.7M","97.03","2021"
"https://worldpopulationreview.com/images/country-flags/svg/si.svg","Slovenia","https://worldpopulationreview.com/countries/slovenia","2.7M","126.26","2022"
"https://worldpopulationreview.com/images/country-flags/svg/gw.svg","Guinea-Bissau","https://worldpopulationreview.com/countries/guinea-bissau","2.7M","120.47","2022"
"https://worldpopulationreview.com/images/country-flags/svg/lv.svg","Latvia","https://worldpopulationreview.com/countries/latvia","2.2M","115.77","2022"
"https://worldpopulationreview.com/images/country-flags/svg/bh.svg","Bahrain","https://worldpopulationreview.com/countries/bahrain","2.1M","133.23","2022"
"https://worldpopulationreview.com/images/country-flags/svg/mu.svg","Mauritius","https://worldpopulationreview.com/countries/mauritius","2.1M","164.97","2022"
"https://worldpopulationreview.com/images/country-flags/svg/ee.svg","Estonia","https://worldpopulationreview.com/countries/estonia","2.1M","151.12","2022"
"https://worldpopulationreview.com/images/country-flags/svg/mk.svg","North Macedonia","https://worldpopulationreview.com/countries/north-macedonia","2M","112.34","2022"
"https://worldpopulationreview.com/images/country-flags/svg/tt.svg","Trinidad and Tobago","https://worldpopulationreview.com/countries/trinidad-and-tobago","2M","132.58","2022"
"https://worldpopulationreview.com/images/country-flags/svg/cf.svg","Central African Republic","https://worldpopulationreview.com/countries/central-african-republic","1.8M","34.35","2021"
"https://worldpopulationreview.com/images/country-flags/svg/er.svg","Eritrea","https://worldpopulationreview.com/countries/eritrea","1.8M","50.94","2021"
"https://worldpopulationreview.com/images/country-flags/svg/lr.svg","Liberia","https://worldpopulationreview.com/countries/liberia","1.7M","29.45","2021"
"https://worldpopulationreview.com/images/country-flags/svg/ls.svg","Lesotho","https://worldpopulationreview.com/countries/lesotho","1.6M","66.61","2022"
"https://worldpopulationreview.com/images/country-flags/svg/tl.svg","Timor-Leste","https://worldpopulationreview.com/countries/timor-leste","1.5M","105.74","2022"
"https://worldpopulationreview.com/images/country-flags/svg/sz.svg","Eswatini","https://worldpopulationreview.com/countries/eswatini","1.5M","118.12","2022"
"https://worldpopulationreview.com/images/country-flags/svg/cy.svg","Cyprus","https://worldpopulationreview.com/countries/cyprus","1.4M","102.48","2022"
"https://worldpopulationreview.com/images/country-flags/svg/me.svg","Montenegro","https://worldpopulationreview.com/countries/montenegro","1.3M","199.54","2022"
"https://worldpopulationreview.com/images/country-flags/svg/mo.svg","Macau","https://worldpopulationreview.com/countries/macau","1.2M","168.41","2022"
"https://worldpopulationreview.com/images/country-flags/svg/fj.svg","Fiji","https://worldpopulationreview.com/countries/fiji","992K","106.81","2021"
"https://worldpopulationreview.com/images/country-flags/svg/sr.svg","Suriname","https://worldpopulationreview.com/countries/suriname","929K","146.43","2022"
"https://worldpopulationreview.com/images/country-flags/svg/gq.svg","Equatorial Guinea","https://worldpopulationreview.com/countries/equatorial-guinea","893K","47.19","2022"
"https://worldpopulationreview.com/images/country-flags/svg/lu.svg","Luxembourg","https://worldpopulationreview.com/countries/luxembourg","876K","130.16","2021"
"https://worldpopulationreview.com/images/country-flags/svg/gy.svg","Guyana","https://worldpopulationreview.com/countries/guyana","856K","103.00","2021"
"https://worldpopulationreview.com/images/country-flags/svg/km.svg","Comoros","https://worldpopulationreview.com/countries/comoros","839K","96.81","2022"
"https://worldpopulationreview.com/images/country-flags/svg/bt.svg","Bhutan","https://worldpopulationreview.com/countries/bhutan","742K","93.74","2022"
"https://worldpopulationreview.com/images/country-flags/svg/mv.svg","Maldives","https://worldpopulationreview.com/countries/maldives","715K","135.47","2022"
"https://worldpopulationreview.com/images/country-flags/svg/mt.svg","Malta","https://worldpopulationreview.com/countries/malta","702K","130.09","2022"
"https://worldpopulationreview.com/images/country-flags/svg/cv.svg","Cape Verde","https://worldpopulationreview.com/countries/cape-verde","589K","112.22","2022"
"https://worldpopulationreview.com/images/country-flags/svg/bn.svg","Brunei","https://worldpopulationreview.com/countries/brunei","529K","114.32","2022"
"https://worldpopulationreview.com/images/country-flags/svg/dj.svg","Djibouti","https://worldpopulationreview.com/countries/djibouti","519K","44.41","2022"
"https://worldpopulationreview.com/images/country-flags/svg/sb.svg","Solomon Islands","https://worldpopulationreview.com/countries/solomon-islands","474K","57.86","2021"
"https://worldpopulationreview.com/images/country-flags/svg/is.svg","Iceland","https://worldpopulationreview.com/countries/iceland","457K","116.17","2022"
"https://worldpopulationreview.com/images/country-flags/svg/bs.svg","Bahamas","https://worldpopulationreview.com/countries/bahamas","404K","100.68","2022"
"https://worldpopulationreview.com/images/country-flags/svg/pf.svg","French Polynesia","https://worldpopulationreview.com/countries/french-polynesia","328K","116.39","2022"
"https://worldpopulationreview.com/images/country-flags/svg/bb.svg","Barbados","https://worldpopulationreview.com/countries/barbados","323K","114.35","2022"
"https://worldpopulationreview.com/images/country-flags/svg/bz.svg","Belize","https://worldpopulationreview.com/countries/belize","264K","63.30","2021"
"https://worldpopulationreview.com/images/country-flags/svg/nc.svg","New Caledonia","https://worldpopulationreview.com/countries/new-caledonia","260K","88.85","2021"
"https://worldpopulationreview.com/images/country-flags/svg/vu.svg","Vanuatu","https://worldpopulationreview.com/countries/vanuatu","256K","78.10","2022"
"https://worldpopulationreview.com/images/country-flags/svg/sc.svg","Seychelles","https://worldpopulationreview.com/countries/seychelles","205K","157.19","2022"
"https://worldpopulationreview.com/images/country-flags/svg/st.svg","Sao Tome and Principe","https://worldpopulationreview.com/countries/sao-tome-and-principe","197K","83.64","2022"
"https://worldpopulationreview.com/images/country-flags/svg/ag.svg","Antigua and Barbuda","https://worldpopulationreview.com/countries/antigua-and-barbuda","184K","196.22","2021"
"https://worldpopulationreview.com/images/country-flags/svg/lc.svg","Saint Lucia","https://worldpopulationreview.com/countries/saint-lucia","172K","95.69","2021"
"https://worldpopulationreview.com/images/country-flags/svg/cw.svg","Curacao","https://worldpopulationreview.com/countries/curacao","168K","90.57","2021"
"https://worldpopulationreview.com/images/country-flags/svg/aw.svg","Aruba","https://worldpopulationreview.com/countries/aruba","141K","130.48","2021"
"https://worldpopulationreview.com/images/country-flags/svg/ws.svg","Samoa","https://worldpopulationreview.com/countries/samoa","134K","61.46","2022"
"https://worldpopulationreview.com/images/country-flags/svg/je.svg","Jersey","https://worldpopulationreview.com/countries/jersey","124.1K","119.49","2021"
"https://worldpopulationreview.com/images/country-flags/svg/ad.svg","Andorra","https://worldpopulationreview.com/countries/andorra","114K","139.13","2022"
"https://worldpopulationreview.com/images/country-flags/svg/vc.svg","Saint Vincent and the Grenadines","https://worldpopulationreview.com/countries/saint-vincent-and-the-grenadines","104K","103.36","2022"
"https://worldpopulationreview.com/images/country-flags/svg/gd.svg","Grenada","https://worldpopulationreview.com/countries/grenada","101K","86.17","2021"
"https://worldpopulationreview.com/images/country-flags/svg/ky.svg","Cayman Islands","https://worldpopulationreview.com/countries/cayman-islands","100K","134.31","2021"
"https://worldpopulationreview.com/images/country-flags/svg/gu.svg","Guam","https://worldpopulationreview.com/countries/guam","98K","58.41","2009"
"https://worldpopulationreview.com/images/country-flags/svg/gg.svg","Guernsey","https://worldpopulationreview.com/countries/guernsey","71.5K","111.21","2021"
"https://worldpopulationreview.com/images/country-flags/svg/sx.svg","Sint Maarten","https://worldpopulationreview.com/countries/sint-maarten","68.8K","158.80","2012"
"https://worldpopulationreview.com/images/country-flags/svg/mf.svg","Saint Martin","https://worldpopulationreview.com/countries/saint-martin","68.8K","263.46","2012"
"https://worldpopulationreview.com/images/country-flags/svg/bm.svg","Bermuda","https://worldpopulationreview.com/countries/bermuda","68K","105.20","2021"
"https://worldpopulationreview.com/images/country-flags/svg/gl.svg","Greenland","https://worldpopulationreview.com/countries/greenland","67K","119.99","2021"
"https://worldpopulationreview.com/images/country-flags/svg/ki.svg","Kiribati","https://worldpopulationreview.com/countries/kiribati","64K","47.58","2022"
"https://worldpopulationreview.com/images/country-flags/svg/to.svg","Tonga","https://worldpopulationreview.com/countries/tonga","64K","61.44","2021"
"https://worldpopulationreview.com/images/country-flags/svg/dm.svg","Dominica","https://worldpopulationreview.com/countries/dominica","62K","93.65","2021"
"https://worldpopulationreview.com/images/country-flags/svg/fo.svg","Faroe Islands","https://worldpopulationreview.com/countries/faroe-islands","59K","106.50","2021"
"https://worldpopulationreview.com/images/country-flags/svg/kn.svg","Saint Kitts and Nevis","https://worldpopulationreview.com/countries/saint-kitts-and-nevis","57K","121.68","2021"
"https://worldpopulationreview.com/images/country-flags/svg/li.svg","Liechtenstein","https://worldpopulationreview.com/countries/liechtenstein","50K","125.41","2022"
"https://worldpopulationreview.com/images/country-flags/svg/sm.svg","San Marino","https://worldpopulationreview.com/countries/san-marino","41K","122.09","2022"
"https://worldpopulationreview.com/images/country-flags/svg/mc.svg","Monaco","https://worldpopulationreview.com/countries/monaco","39K","100.96","2022"
"https://worldpopulationreview.com/images/country-flags/svg/vg.svg","British Virgin Islands","https://worldpopulationreview.com/countries/british-virgin-islands","38K","96.27","2021"
"https://worldpopulationreview.com/images/country-flags/svg/gi.svg","Gibraltar","https://worldpopulationreview.com/countries/gibraltar","37K","94.08","2022"
"https://worldpopulationreview.com/images/country-flags/svg/ai.svg","Anguilla","https://worldpopulationreview.com/countries/anguilla","26K","178.11","2021"
"https://worldpopulationreview.com/images/country-flags/svg/tc.svg","Turks and Caicos Islands","https://worldpopulationreview.com/countries/turks-and-caicos-islands","25.1K","53.91","2004"
"https://worldpopulationreview.com/images/country-flags/svg/pw.svg","Palau","https://worldpopulationreview.com/countries/palau","24K","135.63","2022"
"https://worldpopulationreview.com/images/country-flags/svg/fm.svg","Micronesia","https://worldpopulationreview.com/countries/micronesia","22K","19.44","2021"
"https://worldpopulationreview.com/images/country-flags/svg/mp.svg","Northern Mariana Islands","https://worldpopulationreview.com/countries/northern-mariana-islands","20.5K","46.24","2004"
"https://worldpopulationreview.com/images/country-flags/svg/ck.svg","Cook Islands","https://worldpopulationreview.com/countries/cook-islands","17K","123.83","2021"
"https://worldpopulationreview.com/images/country-flags/svg/mh.svg","Marshall Islands","https://worldpopulationreview.com/countries/marshall-islands","16K","42.61","2021"
"https://worldpopulationreview.com/images/country-flags/svg/nr.svg","Nauru","https://worldpopulationreview.com/countries/nauru","10K","83.70","2021"
"https://worldpopulationreview.com/images/country-flags/svg/tv.svg","Tuvalu","https://worldpopulationreview.com/countries/tuvalu","9K","93.30","2021"
"https://worldpopulationreview.com/images/country-flags/svg/fk.svg","Falkland Islands","https://worldpopulationreview.com/countries/falkland-islands","6K","172.91","2021"
"https://worldpopulationreview.com/images/country-flags/svg/ms.svg","Montserrat","https://worldpopulationreview.com/countries/montserrat","5K","113.92","2020"
"https://worldpopulationreview.com/images/country-flags/svg/as.svg","American Samoa","https://worldpopulationreview.com/countries/american-samoa","2.3K","4.81","2009"
"https://worldpopulationreview.com/images/country-flags/svg/nu.svg","Niue","https://worldpopulationreview.com/countries/niue","1.6K","88.89",""
"https://worldpopulationreview.com/images/country-flags/svg/tk.svg","Tokelau","https://worldpopulationreview.com/countries/tokelau","1K","39.86",""
"https://worldpopulationreview.com/images/country-flags/svg/wf.svg","Wallis and Futuna","https://worldpopulationreview.com/countries/wallis-and-futuna","","","2018"
"","Total","","8.5B","104.39",""