"min-w-7 src","border-wpr-table_border","border-wpr-table_border href","border-wpr-table_border 2"
"https://worldpopulationreview.com/images/country-flags/svg/ca.svg","Canada","https://worldpopulationreview.com/countries/canada","879,800"
"https://worldpopulationreview.com/images/country-flags/svg/ru.svg","Russia","https://worldpopulationreview.com/countries/russia","201,200"
"https://worldpopulationreview.com/images/country-flags/svg/fi.svg","Finland","https://worldpopulationreview.com/countries/finland","188,000"
"https://worldpopulationreview.com/images/country-flags/svg/dk.svg","Denmark","https://worldpopulationreview.com/countries/denmark","120,000"
"https://worldpopulationreview.com/images/country-flags/svg/us.svg","United States","https://worldpopulationreview.com/countries/united-states","102,500"
"https://worldpopulationreview.com/images/country-flags/svg/gb.svg","United Kingdom","https://worldpopulationreview.com/countries/united-kingdom","42,000"
"https://worldpopulationreview.com/images/country-flags/svg/cn.svg","China","https://worldpopulationreview.com/countries/china","23,800"
"https://worldpopulationreview.com/images/country-flags/svg/se.svg","Sweden","https://worldpopulationreview.com/countries/sweden","22,600"
"https://worldpopulationreview.com/images/country-flags/svg/br.svg","Brazil","https://worldpopulationreview.com/countries/brazil","20,900"
"https://worldpopulationreview.com/images/country-flags/svg/no.svg","Norway","https://worldpopulationreview.com/countries/norway","20,000"
"https://worldpopulationreview.com/images/country-flags/svg/ar.svg","Argentina","https://worldpopulationreview.com/countries/argentina","13,600"
"https://worldpopulationreview.com/images/country-flags/svg/kz.svg","Kazakhstan","https://worldpopulationreview.com/countries/kazakhstan","12,400"
"https://worldpopulationreview.com/images/country-flags/svg/pe.svg","Peru","https://worldpopulationreview.com/countries/peru","12,000"
"https://worldpopulationreview.com/images/country-flags/svg/au.svg","Australia","https://worldpopulationreview.com/countries/australia","11,400"
"https://worldpopulationreview.com/images/country-flags/svg/by.svg","Belarus","https://worldpopulationreview.com/countries/belarus","11,000"
"https://worldpopulationreview.com/images/country-flags/svg/ch.svg","Switzerland","https://worldpopulationreview.com/countries/switzerland","7,000"
"https://worldpopulationreview.com/images/country-flags/svg/jp.svg","Japan","https://worldpopulationreview.com/countries/japan","4,000"
"https://worldpopulationreview.com/images/country-flags/svg/co.svg","Colombia","https://worldpopulationreview.com/countries/colombia","3,250"
"https://worldpopulationreview.com/images/country-flags/svg/de.svg","Germany","https://worldpopulationreview.com/countries/germany","2,000"
"https://worldpopulationreview.com/images/country-flags/svg/id.svg","Indonesia","https://worldpopulationreview.com/countries/indonesia","521"
"https://worldpopulationreview.com/images/country-flags/svg/in.svg","India","https://worldpopulationreview.com/countries/india","241"
"https://worldpopulationreview.com/images/country-flags/svg/ug.svg","Uganda","https://worldpopulationreview.com/countries/uganda","165"
"https://worldpopulationreview.com/images/country-flags/svg/mx.svg","Mexico","https://worldpopulationreview.com/countries/mexico","95"
"","Total","","1,698,472"