"mw-file-element src","tablescraper-selected-row","tablescraper-selected-row href","tablescraper-selected-row 2","tablescraper-selected-row 3","tablescraper-selected-row 4","tablescraper-selected-row 5","reference","reference href"
"https://upload.wikimedia.org/wikipedia/commons/thumb/f/fa/Flag_of_the_People%27s_Republic_of_China.svg/40px-Flag_of_the_People%27s_Republic_of_China.svg.png","China","https://en.wikipedia.org/wiki/China","251","353,000,000","1,408,280,000","2024","82","https://en.wikipedia.org/wiki/List_of_countries_and_territories_by_motor_vehicles_per_capita#cite_note-82"
"https://upload.wikimedia.org/wikipedia/en/thumb/a/a4/Flag_of_the_United_States.svg/40px-Flag_of_the_United_States.svg.png","United States","https://en.wikipedia.org/wiki/United_States","779","259,238,294","333,287,557","2023","10","https://en.wikipedia.org/wiki/List_of_countries_and_territories_by_motor_vehicles_per_capita#cite_note-10"
"https://upload.wikimedia.org/wikipedia/en/thumb/0/05/Flag_of_Brazil.svg/40px-Flag_of_Brazil.svg.png","Brazil","https://en.wikipedia.org/wiki/Brazil","462","93,867,016","203,218,114","2016","31","https://en.wikipedia.org/wiki/List_of_countries_and_territories_by_motor_vehicles_per_capita#cite_note-who.int-31"
"https://upload.wikimedia.org/wikipedia/en/thumb/9/9e/Flag_of_Japan.svg/40px-Flag_of_Japan.svg.png","Japan","https://en.wikipedia.org/wiki/Japan","670","82,876,295","123,753,041","2024","18","https://en.wikipedia.org/wiki/List_of_countries_and_territories_by_motor_vehicles_per_capita#cite_note-18"
"https://upload.wikimedia.org/wikipedia/en/thumb/f/f3/Flag_of_Russia.svg/40px-Flag_of_Russia.svg.png","Russia","https://en.wikipedia.org/wiki/Russia","364","53,000,000","145,440,501","2023","69","https://en.wikipedia.org/wiki/List_of_countries_and_territories_by_motor_vehicles_per_capita#cite_note-69"
"https://upload.wikimedia.org/wikipedia/en/thumb/b/ba/Flag_of_Germany.svg/40px-Flag_of_Germany.svg.png","Germany","https://en.wikipedia.org/wiki/Germany","590","52,714,433","84,086,227","2024","29","https://en.wikipedia.org/wiki/List_of_countries_and_territories_by_motor_vehicles_per_capita#cite_note-29"
"https://upload.wikimedia.org/wikipedia/en/thumb/4/41/Flag_of_India.svg/40px-Flag_of_India.svg.png","India","https://en.wikipedia.org/wiki/India","38","50,000,000","1,328,024,498","2024","112","https://en.wikipedia.org/wiki/List_of_countries_and_territories_by_motor_vehicles_per_capita#cite_note-112"
"https://upload.wikimedia.org/wikipedia/en/thumb/0/03/Flag_of_Italy.svg/40px-Flag_of_Italy.svg.png","Italy","https://en.wikipedia.org/wiki/Italy","701","44,888,074","59,619,115","2024","14","https://en.wikipedia.org/wiki/List_of_countries_and_territories_by_motor_vehicles_per_capita#cite_note-14"
"https://upload.wikimedia.org/wikipedia/en/thumb/c/c3/Flag_of_France.svg/40px-Flag_of_France.svg.png","France","https://en.wikipedia.org/wiki/France","579","44,444,965","66,277,409","2024","33","https://en.wikipedia.org/wiki/List_of_countries_and_territories_by_motor_vehicles_per_capita#cite_note-33"
"https://upload.wikimedia.org/wikipedia/en/thumb/a/ae/Flag_of_the_United_Kingdom.svg/40px-Flag_of_the_United_Kingdom.svg.png","United Kingdom","https://en.wikipedia.org/wiki/United_Kingdom","603","41,700,000","69,138,192","2024","26","https://en.wikipedia.org/wiki/List_of_countries_and_territories_by_motor_vehicles_per_capita#cite_note-26"
"https://upload.wikimedia.org/wikipedia/commons/thumb/f/fc/Flag_of_Mexico.svg/40px-Flag_of_Mexico.svg.png","Mexico","https://en.wikipedia.org/wiki/Mexico","312","40,524,791","129,739,759","2025","78","https://en.wikipedia.org/wiki/List_of_countries_and_territories_by_motor_vehicles_per_capita#cite_note-78"
"https://upload.wikimedia.org/wikipedia/en/thumb/9/9a/Flag_of_Spain.svg/40px-Flag_of_Spain.svg.png","Spain","https://en.wikipedia.org/wiki/Spain","544","30,724,166","47,828,383","2024","38","https://en.wikipedia.org/wiki/List_of_countries_and_territories_by_motor_vehicles_per_capita#cite_note-38"
"https://upload.wikimedia.org/wikipedia/commons/thumb/b/b4/Flag_of_Turkey.svg/40px-Flag_of_Turkey.svg.png","Turkey","https://en.wikipedia.org/wiki/Turkey","354","30,261,176","85,372,377","2023","70","https://en.wikipedia.org/wiki/List_of_countries_and_territories_by_motor_vehicles_per_capita#cite_note-70"
"https://upload.wikimedia.org/wikipedia/commons/thumb/3/32/Flag_of_Pakistan.svg/40px-Flag_of_Pakistan.svg.png","Pakistan","https://en.wikipedia.org/wiki/Pakistan","121","30,000,000","247,504,496","2023","101","https://en.wikipedia.org/wiki/List_of_countries_and_territories_by_motor_vehicles_per_capita#cite_note-101"
"https://upload.wikimedia.org/wikipedia/commons/thumb/d/d9/Flag_of_Canada_%28Pantone%29.svg/40px-Flag_of_Canada_%28Pantone%29.svg.png","Canada","https://en.wikipedia.org/wiki/Canada","677","26,302,526","38,831,259","2022","16","https://en.wikipedia.org/wiki/List_of_countries_and_territories_by_motor_vehicles_per_capita#cite_note-16"
"https://upload.wikimedia.org/wikipedia/commons/thumb/0/09/Flag_of_South_Korea.svg/40px-Flag_of_South_Korea.svg.png","South Korea","https://en.wikipedia.org/wiki/South_Korea","501","25,949,201","51,748,739","2023","50","https://en.wikipedia.org/wiki/List_of_countries_and_territories_by_motor_vehicles_per_capita#cite_note-50"
"https://upload.wikimedia.org/wikipedia/en/thumb/1/12/Flag_of_Poland.svg/40px-Flag_of_Poland.svg.png","Poland","https://en.wikipedia.org/wiki/Poland","629","25,757,062","38,385,739","2024","24","https://en.wikipedia.org/wiki/List_of_countries_and_territories_by_motor_vehicles_per_capita#cite_note-24"
"https://upload.wikimedia.org/wikipedia/commons/thumb/6/66/Flag_of_Malaysia.svg/40px-Flag_of_Malaysia.svg.png","Malaysia","https://en.wikipedia.org/wiki/Malaysia","678","23,822,322","35,126,298","2023","15","https://en.wikipedia.org/wiki/List_of_countries_and_territories_by_motor_vehicles_per_capita#cite_note-15"
"https://upload.wikimedia.org/wikipedia/commons/thumb/7/72/Flag_of_the_Republic_of_China.svg/40px-Flag_of_the_Republic_of_China.svg.png","Taiwan","https://en.wikipedia.org/wiki/Taiwan","999","23,353,315","23,374,742","2025","6","https://en.wikipedia.org/wiki/List_of_countries_and_territories_by_motor_vehicles_per_capita#cite_note-6"
"https://upload.wikimedia.org/wikipedia/commons/thumb/9/9f/Flag_of_Indonesia.svg/40px-Flag_of_Indonesia.svg.png","Indonesia","https://en.wikipedia.org/wiki/Indonesia","82","23,050,000","281,190,067","2024","106","https://en.wikipedia.org/wiki/List_of_countries_and_territories_by_motor_vehicles_per_capita#cite_note-106"
"https://upload.wikimedia.org/wikipedia/commons/thumb/1/1a/Flag_of_Argentina.svg/40px-Flag_of_Argentina.svg.png","Argentina","https://en.wikipedia.org/wiki/Argentina","493","21,633,587","43,900,314","2016","31","https://en.wikipedia.org/wiki/List_of_countries_and_territories_by_motor_vehicles_per_capita#cite_note-who.int-31"
"https://upload.wikimedia.org/wikipedia/commons/thumb/9/99/Flag_of_the_Philippines.svg/40px-Flag_of_the_Philippines.svg.png","Philippines","https://en.wikipedia.org/wiki/Philippines","180","20,465,515","113,964,339","2024","90","https://en.wikipedia.org/wiki/List_of_countries_and_territories_by_motor_vehicles_per_capita#cite_note-90"
"https://upload.wikimedia.org/wikipedia/commons/thumb/8/88/Flag_of_Australia_%28converted%29.svg/40px-Flag_of_Australia_%28converted%29.svg.png","Australia","https://en.wikipedia.org/wiki/Australia","776","20,142,942","25,956,418","2021","11","https://en.wikipedia.org/wiki/List_of_countries_and_territories_by_motor_vehicles_per_capita#cite_note-11"
"https://upload.wikimedia.org/wikipedia/commons/thumb/c/ca/Flag_of_Iran.svg/40px-Flag_of_Iran.svg.png","Iran","https://en.wikipedia.org/wiki/Iran","182","15,963,000","87,723,443","2020","56","https://en.wikipedia.org/wiki/List_of_countries_and_territories_by_motor_vehicles_per_capita#cite_note-oica.net-56"
"https://upload.wikimedia.org/wikipedia/commons/thumb/7/79/Flag_of_Nigeria.svg/40px-Flag_of_Nigeria.svg.png","Nigeria","https://en.wikipedia.org/wiki/Nigeria","59","13,500,000","218,529,287","2021","108","https://en.wikipedia.org/wiki/List_of_countries_and_territories_by_motor_vehicles_per_capita#cite_note-108"
"https://upload.wikimedia.org/wikipedia/commons/thumb/2/21/Flag_of_Colombia.svg/40px-Flag_of_Colombia.svg.png","Colombia","https://en.wikipedia.org/wiki/Colombia","280","13,477,996","48,131,078","2017","31","https://en.wikipedia.org/wiki/List_of_countries_and_territories_by_motor_vehicles_per_capita#cite_note-who.int-31"
"https://upload.wikimedia.org/wikipedia/commons/thumb/a/af/Flag_of_South_Africa.svg/40px-Flag_of_South_Africa.svg.png","South Africa","https://en.wikipedia.org/wiki/South_Africa","208","13,304,703","64,007,187","2024","87","https://en.wikipedia.org/wiki/List_of_countries_and_territories_by_motor_vehicles_per_capita#cite_note-87"
"https://upload.wikimedia.org/wikipedia/commons/thumb/4/49/Flag_of_Ukraine.svg/40px-Flag_of_Ukraine.svg.png","Ukraine","https://en.wikipedia.org/wiki/Ukraine","237","10,500,000","44,298,640","2021","85","https://en.wikipedia.org/wiki/List_of_countries_and_territories_by_motor_vehicles_per_capita#cite_note-85"
"https://upload.wikimedia.org/wikipedia/commons/thumb/2/20/Flag_of_the_Netherlands.svg/40px-Flag_of_the_Netherlands.svg.png","Netherlands","https://en.wikipedia.org/wiki/Netherlands","513","10,062,194","17,904,421","2024","46","https://en.wikipedia.org/wiki/List_of_countries_and_territories_by_motor_vehicles_per_capita#cite_note-46"
"https://upload.wikimedia.org/wikipedia/commons/thumb/f/fe/Flag_of_Egypt.svg/40px-Flag_of_Egypt.svg.png","Egypt","https://en.wikipedia.org/wiki/Egypt","87","9,950,000","114,535,772","2023","105","https://en.wikipedia.org/wiki/List_of_countries_and_territories_by_motor_vehicles_per_capita#cite_note-105"
"https://upload.wikimedia.org/wikipedia/commons/thumb/5/54/Flag_of_Syria_%282025-%29.svg/40px-Flag_of_Syria_%282025-%29.svg.png","Syria","https://en.wikipedia.org/wiki/Syria","466","9,810,000","21,049,429","2020","56","https://en.wikipedia.org/wiki/List_of_countries_and_territories_by_motor_vehicles_per_capita#cite_note-oica.net-56"
"https://upload.wikimedia.org/wikipedia/commons/thumb/7/73/Flag_of_Romania.svg/40px-Flag_of_Romania.svg.png","Romania","https://en.wikipedia.org/wiki/Romania","444","9,148,003","19,166,773","2024","58","https://en.wikipedia.org/wiki/List_of_countries_and_territories_by_motor_vehicles_per_capita#cite_note-58"
"https://upload.wikimedia.org/wikipedia/commons/thumb/1/11/Flag_of_Sri_Lanka.svg/40px-Flag_of_Sri_Lanka.svg.png","Sri Lanka","https://en.wikipedia.org/wiki/Sri_Lanka","366","8,352,213","22,834,965","2022","68","https://en.wikipedia.org/wiki/List_of_countries_and_territories_by_motor_vehicles_per_capita#cite_note-68"
"https://upload.wikimedia.org/wikipedia/commons/thumb/7/77/Flag_of_Algeria.svg/40px-Flag_of_Algeria.svg.png","Algeria","https://en.wikipedia.org/wiki/Algeria","176","7,731,664","44,042,091","2020","91","https://en.wikipedia.org/wiki/List_of_countries_and_territories_by_motor_vehicles_per_capita#cite_note-91"
"https://upload.wikimedia.org/wikipedia/commons/thumb/a/a8/Flag_of_Portugal_%28official%29.svg/40px-Flag_of_Portugal_%28official%29.svg.png","Portugal","https://en.wikipedia.org/wiki/Portugal","567","7,198,871","10,417,073","2024","37","https://en.wikipedia.org/wiki/List_of_countries_and_territories_by_motor_vehicles_per_capita#cite_note-37"
"https://upload.wikimedia.org/wikipedia/commons/thumb/8/8c/Flag_of_Myanmar.svg/40px-Flag_of_Myanmar.svg.png","Myanmar","https://en.wikipedia.org/wiki/Myanmar","132","7,138,410","54,133,798","2022","65","https://en.wikipedia.org/wiki/List_of_countries_and_territories_by_motor_vehicles_per_capita#cite_note-ASEAN-65"
"https://upload.wikimedia.org/wikipedia/commons/thumb/c/cb/Flag_of_the_Czech_Republic.svg/40px-Flag_of_the_Czech_Republic.svg.png","Czech Republic","https://en.wikipedia.org/wiki/Czech_Republic","608","7,082,522","10,673,213","2022","25","https://en.wikipedia.org/wiki/List_of_countries_and_territories_by_motor_vehicles_per_capita#cite_note-25"
"https://upload.wikimedia.org/wikipedia/commons/thumb/9/92/Flag_of_Belgium_%28civil%29.svg/40px-Flag_of_Belgium_%28civil%29.svg.png","Belgium","https://en.wikipedia.org/wiki/Belgium","513","6,977,664","11,641,820","2024","45","https://en.wikipedia.org/wiki/List_of_countries_and_territories_by_motor_vehicles_per_capita#cite_note-45"
"https://upload.wikimedia.org/wikipedia/commons/thumb/0/0d/Flag_of_Saudi_Arabia.svg/40px-Flag_of_Saudi_Arabia.svg.png","Saudi Arabia","https://en.wikipedia.org/wiki/Saudi_Arabia","224","6,895,799","30,717,809","2016","31","https://en.wikipedia.org/wiki/List_of_countries_and_territories_by_motor_vehicles_per_capita#cite_note-who.int-31"
"https://upload.wikimedia.org/wikipedia/commons/thumb/7/78/Flag_of_Chile.svg/40px-Flag_of_Chile.svg.png","Chile","https://en.wikipedia.org/wiki/Chile","312","6,100,000","19,553,037","2022","79","https://en.wikipedia.org/wiki/List_of_countries_and_territories_by_motor_vehicles_per_capita#cite_note-79"
"https://upload.wikimedia.org/wikipedia/commons/thumb/f/f9/Flag_of_Bangladesh.svg/40px-Flag_of_Bangladesh.svg.png","Bangladesh","https://en.wikipedia.org/wiki/Bangladesh","34","5,982,765","173,562,364","2024","114","https://en.wikipedia.org/wiki/List_of_countries_and_territories_by_motor_vehicles_per_capita#cite_note-114"
"https://upload.wikimedia.org/wikipedia/commons/thumb/9/9f/Flag_of_the_Dominican_Republic.svg/40px-Flag_of_the_Dominican_Republic.svg.png","Dominican Republic","https://en.wikipedia.org/wiki/Dominican_Republic","513","5,810,888","11,331,266","2023","48","https://en.wikipedia.org/wiki/List_of_countries_and_territories_by_motor_vehicles_per_capita#cite_note-48"
"https://upload.wikimedia.org/wikipedia/commons/thumb/5/5c/Flag_of_Greece.svg/40px-Flag_of_Greece.svg.png","Greece","https://en.wikipedia.org/wiki/Greece","579","5,777,241","10,412,480","2024","34","https://en.wikipedia.org/wiki/List_of_countries_and_territories_by_motor_vehicles_per_capita#cite_note-34"
"https://upload.wikimedia.org/wikipedia/en/thumb/4/4c/Flag_of_Sweden.svg/40px-Flag_of_Sweden.svg.png","Sweden","https://en.wikipedia.org/wiki/Sweden","470","5,682,251","10,487,338","2024","54","https://en.wikipedia.org/wiki/List_of_countries_and_territories_by_motor_vehicles_per_capita#cite_note-54"
"https://upload.wikimedia.org/wikipedia/commons/thumb/c/cf/Flag_of_Peru.svg/40px-Flag_of_Peru.svg.png","Peru","https://en.wikipedia.org/wiki/Peru","182","5,604,789","30,866,494","2016","31","https://en.wikipedia.org/wiki/List_of_countries_and_territories_by_motor_vehicles_per_capita#cite_note-who.int-31"
"https://upload.wikimedia.org/wikipedia/commons/thumb/0/08/Flag_of_Switzerland_%28Pantone%29.svg/20px-Flag_of_Switzerland_%28Pantone%29.svg.png","Switzerland","https://en.wikipedia.org/wiki/Switzerland","542","5,301,789","8,792,182","2024","40","https://en.wikipedia.org/wiki/List_of_countries_and_territories_by_motor_vehicles_per_capita#cite_note-40"
"https://upload.wikimedia.org/wikipedia/commons/thumb/4/41/Flag_of_Austria.svg/40px-Flag_of_Austria.svg.png","Austria","https://en.wikipedia.org/wiki/Austria","569","5,185,006","9,104,772","2024","36","https://en.wikipedia.org/wiki/List_of_countries_and_territories_by_motor_vehicles_per_capita#cite_note-36"
"https://upload.wikimedia.org/wikipedia/commons/thumb/d/d3/Flag_of_Kazakhstan.svg/40px-Flag_of_Kazakhstan.svg.png","Kazakhstan","https://en.wikipedia.org/wiki/Kazakhstan","250","5,085,400","20,330,104","2023","83","https://en.wikipedia.org/wiki/List_of_countries_and_territories_by_motor_vehicles_per_capita#cite_note-83"
"https://upload.wikimedia.org/wikipedia/commons/thumb/c/c1/Flag_of_Hungary.svg/40px-Flag_of_Hungary.svg.png","Hungary","https://en.wikipedia.org/wiki/Hungary","447","4,763,466","9,684,306","2024","57","https://en.wikipedia.org/wiki/List_of_countries_and_territories_by_motor_vehicles_per_capita#cite_note-57"
"https://upload.wikimedia.org/wikipedia/commons/thumb/f/f6/Flag_of_Iraq.svg/40px-Flag_of_Iraq.svg.png","Iraq","https://en.wikipedia.org/wiki/Iraq","112","4,715,000","42,116,605","2020","56","https://en.wikipedia.org/wiki/List_of_countries_and_territories_by_motor_vehicles_per_capita#cite_note-oica.net-56"
"https://upload.wikimedia.org/wikipedia/commons/thumb/0/06/Flag_of_Venezuela.svg/40px-Flag_of_Venezuela.svg.png","Venezuela","https://en.wikipedia.org/wiki/Venezuela","149","4,235,000","28,444,078","2020","56","https://en.wikipedia.org/wiki/List_of_countries_and_territories_by_motor_vehicles_per_capita#cite_note-oica.net-56"
"https://upload.wikimedia.org/wikipedia/commons/thumb/b/bc/Flag_of_Finland.svg/40px-Flag_of_Finland.svg.png","Finland","https://en.wikipedia.org/wiki/Finland","666","4,221,852","5,617,311","2024","19","https://en.wikipedia.org/wiki/List_of_countries_and_territories_by_motor_vehicles_per_capita#cite_note-19"
"https://upload.wikimedia.org/wikipedia/commons/thumb/2/21/Flag_of_Vietnam.svg/40px-Flag_of_Vietnam.svg.png","Vietnam","https://en.wikipedia.org/wiki/Vietnam","43","4,180,480","98,079,191","2020","65","https://en.wikipedia.org/wiki/List_of_countries_and_territories_by_motor_vehicles_per_capita#cite_note-ASEAN-65"
"https://upload.wikimedia.org/wikipedia/commons/thumb/2/2c/Flag_of_Morocco.svg/40px-Flag_of_Morocco.svg.png","Morocco","https://en.wikipedia.org/wiki/Morocco","113","4,120,000","36,584,208","2020","56","https://en.wikipedia.org/wiki/List_of_countries_and_territories_by_motor_vehicles_per_capita#cite_note-oica.net-56"
"https://upload.wikimedia.org/wikipedia/commons/thumb/d/d4/Flag_of_Israel.svg/40px-Flag_of_Israel.svg.png","Israel","https://en.wikipedia.org/wiki/Israel","439","4,000,000","9,103,151","2022","59","https://en.wikipedia.org/wiki/List_of_countries_and_territories_by_motor_vehicles_per_capita#cite_note-59"
"https://upload.wikimedia.org/wikipedia/commons/thumb/d/d9/Flag_of_Norway.svg/40px-Flag_of_Norway.svg.png","Norway","https://en.wikipedia.org/wiki/Norway","517","3,469,692","5,519,167","2024","43","https://en.wikipedia.org/wiki/List_of_countries_and_territories_by_motor_vehicles_per_capita#cite_note-43"
"https://upload.wikimedia.org/wikipedia/commons/thumb/c/cb/Flag_of_the_United_Arab_Emirates.svg/40px-Flag_of_the_United_Arab_Emirates.svg.png","United Arab Emirates","https://en.wikipedia.org/wiki/United_Arab_Emirates","376","3,391,125","9,030,873","2016","31","https://en.wikipedia.org/wiki/List_of_countries_and_territories_by_motor_vehicles_per_capita#cite_note-who.int-31"
"https://upload.wikimedia.org/wikipedia/commons/thumb/e/e6/Flag_of_Slovakia.svg/40px-Flag_of_Slovakia.svg.png","Slovakia","https://en.wikipedia.org/wiki/Slovakia","502","3,286,249","5,450,626","2024","30","https://en.wikipedia.org/wiki/List_of_countries_and_territories_by_motor_vehicles_per_capita#cite_note-30"
"https://upload.wikimedia.org/wikipedia/commons/thumb/0/05/Flag_of_Libya.svg/40px-Flag_of_Libya.svg.png","Libya","https://en.wikipedia.org/wiki/Libya","463","3,260,000","7,045,399","2020","56","https://en.wikipedia.org/wiki/List_of_countries_and_territories_by_motor_vehicles_per_capita#cite_note-oica.net-56"
"https://upload.wikimedia.org/wikipedia/commons/thumb/e/ec/Flag_of_Guatemala.svg/40px-Flag_of_Guatemala.svg.png","Guatemala","https://en.wikipedia.org/wiki/Guatemala","200","3,250,194","16,268,760","2016","31","https://en.wikipedia.org/wiki/List_of_countries_and_territories_by_motor_vehicles_per_capita#cite_note-who.int-31"
"https://upload.wikimedia.org/wikipedia/commons/thumb/9/9c/Flag_of_Denmark.svg/20px-Flag_of_Denmark.svg.png","Denmark","https://en.wikipedia.org/wiki/Denmark","478","3,222,575","5,948,137","2024","52","https://en.wikipedia.org/wiki/List_of_countries_and_territories_by_motor_vehicles_per_capita#cite_note-52"
"https://upload.wikimedia.org/wikipedia/commons/thumb/5/56/Flag_of_Laos.svg/40px-Flag_of_Laos.svg.png","Laos","https://en.wikipedia.org/wiki/Laos","412","3,116,550","7,559,008","2022","65","https://en.wikipedia.org/wiki/List_of_countries_and_territories_by_motor_vehicles_per_capita#cite_note-ASEAN-65"
"https://upload.wikimedia.org/wikipedia/commons/thumb/8/84/Flag_of_Uzbekistan.svg/40px-Flag_of_Uzbekistan.svg.png","Uzbekistan","https://en.wikipedia.org/wiki/Uzbekistan","87","3,051,734","34,938,956","2022","104","https://en.wikipedia.org/wiki/List_of_countries_and_territories_by_motor_vehicles_per_capita#cite_note-104"
"https://upload.wikimedia.org/wikipedia/commons/thumb/9/9a/Flag_of_Bulgaria.svg/40px-Flag_of_Bulgaria.svg.png","Bulgaria","https://en.wikipedia.org/wiki/Bulgaria","484","3,006,215","6,447,710","2024","51","https://en.wikipedia.org/wiki/List_of_countries_and_territories_by_motor_vehicles_per_capita#cite_note-51"
"https://upload.wikimedia.org/wikipedia/commons/thumb/4/49/Flag_of_Kenya.svg/40px-Flag_of_Kenya.svg.png","Kenya","https://en.wikipedia.org/wiki/Kenya","62","2,979,910","48,139,687","2016","31","https://en.wikipedia.org/wiki/List_of_countries_and_territories_by_motor_vehicles_per_capita#cite_note-who.int-31"
"https://upload.wikimedia.org/wikipedia/commons/thumb/4/45/Flag_of_Ireland.svg/40px-Flag_of_Ireland.svg.png","Ireland","https://en.wikipedia.org/wiki/Republic_of_Ireland","466","2,737,924","5,110,016","2024","55","https://en.wikipedia.org/wiki/List_of_countries_and_territories_by_motor_vehicles_per_capita#cite_note-55"
"https://upload.wikimedia.org/wikipedia/commons/thumb/f/f2/Flag_of_Costa_Rica.svg/40px-Flag_of_Costa_Rica.svg.png","Costa Rica","https://en.wikipedia.org/wiki/Costa_Rica","514","2,600,000","5,059,988","2021","44","https://en.wikipedia.org/wiki/List_of_countries_and_territories_by_motor_vehicles_per_capita#cite_note-44"
"https://upload.wikimedia.org/wikipedia/commons/thumb/e/e8/Flag_of_Ecuador.svg/40px-Flag_of_Ecuador.svg.png","Ecuador","https://en.wikipedia.org/wiki/Ecuador","143","2,535,853","17,682,455","2021","98","https://en.wikipedia.org/wiki/List_of_countries_and_territories_by_motor_vehicles_per_capita#cite_note-98"
"https://upload.wikimedia.org/wikipedia/commons/thumb/a/aa/Flag_of_Kuwait.svg/40px-Flag_of_Kuwait.svg.png","Kuwait","https://en.wikipedia.org/wiki/Kuwait","521","2,522,933","4,838,782","2023","42","https://en.wikipedia.org/wiki/List_of_countries_and_territories_by_motor_vehicles_per_capita#cite_note-42"
"https://upload.wikimedia.org/wikipedia/commons/thumb/f/ff/Flag_of_Serbia.svg/40px-Flag_of_Serbia.svg.png","Serbia","https://en.wikipedia.org/wiki/Serbia","377","2,389,105","6,641,197","2024","67","https://en.wikipedia.org/wiki/List_of_countries_and_territories_by_motor_vehicles_per_capita#cite_note-67"
"https://upload.wikimedia.org/wikipedia/commons/thumb/5/5c/Flag_of_the_Taliban.svg/40px-Flag_of_the_Taliban.svg.png","Afghanistan","https://en.wikipedia.org/wiki/Afghanistan","55","2,342,543","42,647,492","2024","109","https://en.wikipedia.org/wiki/List_of_countries_and_territories_by_motor_vehicles_per_capita#cite_note-109"
"https://upload.wikimedia.org/wikipedia/commons/thumb/9/9b/Flag_of_Nepal.svg/20px-Flag_of_Nepal.svg.png","Nepal","https://en.wikipedia.org/wiki/Nepal","84","2,339,169","27,823,629","2015","31","https://en.wikipedia.org/wiki/List_of_countries_and_territories_by_motor_vehicles_per_capita#cite_note-who.int-31"
"https://upload.wikimedia.org/wikipedia/commons/thumb/3/38/Flag_of_Tanzania.svg/40px-Flag_of_Tanzania.svg.png","Tanzania","https://en.wikipedia.org/wiki/Tanzania","40","2,163,623","53,824,013","2016","31","https://en.wikipedia.org/wiki/List_of_countries_and_territories_by_motor_vehicles_per_capita#cite_note-who.int-31"
"https://upload.wikimedia.org/wikipedia/commons/thumb/3/31/Flag_of_Burkina_Faso.svg/40px-Flag_of_Burkina_Faso.svg.png","Burkina Faso","https://en.wikipedia.org/wiki/Burkina_Faso","112","2,106,292","18,777,487","2015","31","https://en.wikipedia.org/wiki/List_of_countries_and_territories_by_motor_vehicles_per_capita#cite_note-who.int-31"
"https://upload.wikimedia.org/wikipedia/commons/thumb/1/1b/Flag_of_Croatia.svg/40px-Flag_of_Croatia.svg.png","Croatia","https://en.wikipedia.org/wiki/Croatia","513","2,070,123","3,907,027","2024","47","https://en.wikipedia.org/wiki/List_of_countries_and_territories_by_motor_vehicles_per_capita#cite_note-47"
"https://upload.wikimedia.org/wikipedia/commons/thumb/1/19/Flag_of_Ghana.svg/40px-Flag_of_Ghana.svg.png","Ghana","https://en.wikipedia.org/wiki/Ghana","70","2,066,943","29,356,742","2016","31","https://en.wikipedia.org/wiki/List_of_countries_and_territories_by_motor_vehicles_per_capita#cite_note-who.int-31"
"https://upload.wikimedia.org/wikipedia/commons/thumb/c/ce/Flag_of_Tunisia.svg/40px-Flag_of_Tunisia.svg.png","Tunisia","https://en.wikipedia.org/wiki/Tunisia","175","2,015,601","11,528,674","2016","31","https://en.wikipedia.org/wiki/List_of_countries_and_territories_by_motor_vehicles_per_capita#cite_note-who.int-31"
"https://upload.wikimedia.org/wikipedia/commons/thumb/c/c0/Flag_of_Jordan.svg/40px-Flag_of_Jordan.svg.png","Jordan","https://en.wikipedia.org/wiki/Jordan","173","2,000,000","11,552,876","2024","92","https://en.wikipedia.org/wiki/List_of_countries_and_territories_by_motor_vehicles_per_capita#cite_note-92"
"https://upload.wikimedia.org/wikipedia/commons/thumb/5/59/Flag_of_Lebanon.svg/40px-Flag_of_Lebanon.svg.png","Lebanon","https://en.wikipedia.org/wiki/Lebanon","295","1,866,407","6,323,060","2016","31","https://en.wikipedia.org/wiki/List_of_countries_and_territories_by_motor_vehicles_per_capita#cite_note-who.int-31"
"https://upload.wikimedia.org/wikipedia/commons/thumb/1/11/Flag_of_Lithuania.svg/40px-Flag_of_Lithuania.svg.png","Lithuania","https://en.wikipedia.org/wiki/Lithuania","598","1,811,748","2,816,920","2024","27","https://en.wikipedia.org/wiki/List_of_countries_and_territories_by_motor_vehicles_per_capita#cite_note-27"
"https://upload.wikimedia.org/wikipedia/commons/thumb/d/dd/Flag_of_Azerbaijan.svg/40px-Flag_of_Azerbaijan.svg.png","Azerbaijan","https://en.wikipedia.org/wiki/Azerbaijan","169","1,738,940","10,318,207","2023","95","https://en.wikipedia.org/wiki/List_of_countries_and_territories_by_motor_vehicles_per_capita#cite_note-95"
"https://upload.wikimedia.org/wikipedia/commons/thumb/4/48/Flag_of_Bolivia.svg/40px-Flag_of_Bolivia.svg.png","Bolivia","https://en.wikipedia.org/wiki/Bolivia","153","1,711,005","11,180,020","2016","31","https://en.wikipedia.org/wiki/List_of_countries_and_territories_by_motor_vehicles_per_capita#cite_note-who.int-31"
"https://upload.wikimedia.org/wikipedia/commons/thumb/d/dd/Flag_of_Oman.svg/40px-Flag_of_Oman.svg.png","Oman","https://en.wikipedia.org/wiki/Oman","323","1,704,873","5,281,538","2024","75","https://en.wikipedia.org/wiki/List_of_countries_and_territories_by_motor_vehicles_per_capita#cite_note-75"
"https://upload.wikimedia.org/wikipedia/commons/thumb/7/79/Flag_of_Honduras_%281949%E2%80%932022%2C_2026%E2%80%93present%29.svg/40px-Flag_of_Honduras_%281949%E2%80%932022%2C_2026%E2%80%93present%29.svg.png","Honduras","https://en.wikipedia.org/wiki/Honduras","180","1,694,504","9,412,380","2016","31","https://en.wikipedia.org/wiki/List_of_countries_and_territories_by_motor_vehicles_per_capita#cite_note-who.int-31"
"https://upload.wikimedia.org/wikipedia/commons/thumb/0/0f/Flag_of_Georgia.svg/40px-Flag_of_Georgia.svg.png","Georgia","https://en.wikipedia.org/wiki/Georgia_(country)","414","1,680,400","3,807,492","2024","64","https://en.wikipedia.org/wiki/List_of_countries_and_territories_by_motor_vehicles_per_capita#cite_note-64"
"https://upload.wikimedia.org/wikipedia/commons/thumb/4/4e/Flag_of_Uganda.svg/40px-Flag_of_Uganda.svg.png","Uganda","https://en.wikipedia.org/wiki/Uganda","41","1,594,962","38,799,152","2016","31","https://en.wikipedia.org/wiki/List_of_countries_and_territories_by_motor_vehicles_per_capita#cite_note-who.int-31"
"https://upload.wikimedia.org/wikipedia/commons/thumb/6/6a/Flag_of_Zimbabwe.svg/40px-Flag_of_Zimbabwe.svg.png","Zimbabwe","https://en.wikipedia.org/wiki/Zimbabwe","91","1,467,955","16,069,056","2022","103","https://en.wikipedia.org/wiki/List_of_countries_and_territories_by_motor_vehicles_per_capita#cite_note-103"
"https://upload.wikimedia.org/wikipedia/commons/thumb/6/65/Flag_of_Qatar.svg/40px-Flag_of_Qatar.svg.png","Qatar","https://en.wikipedia.org/wiki/Qatar","512","1,330,487","2,599,372","2016","31","https://en.wikipedia.org/wiki/List_of_countries_and_territories_by_motor_vehicles_per_capita#cite_note-who.int-31"
"https://upload.wikimedia.org/wikipedia/commons/thumb/c/c7/Flag_of_Kyrgyzstan.svg/40px-Flag_of_Kyrgyzstan.svg.png","Kyrgyzstan","https://en.wikipedia.org/wiki/Kyrgyzstan","200","1,300,000","6,494,035","2019","89","https://en.wikipedia.org/wiki/List_of_countries_and_territories_by_motor_vehicles_per_capita#cite_note-89"
"https://upload.wikimedia.org/wikipedia/commons/thumb/a/ab/Flag_of_Panama.svg/40px-Flag_of_Panama.svg.png","Panama","https://en.wikipedia.org/wiki/Panama","320","1,288,573","4,029,087","2016","31","https://en.wikipedia.org/wiki/List_of_countries_and_territories_by_motor_vehicles_per_capita#cite_note-who.int-31"
"https://upload.wikimedia.org/wikipedia/commons/thumb/0/01/Flag_of_Sudan.svg/40px-Flag_of_Sudan.svg.png","Sudan","https://en.wikipedia.org/wiki/Sudan","30","1,252,740","41,259,892","2016","31","https://en.wikipedia.org/wiki/List_of_countries_and_territories_by_motor_vehicles_per_capita#cite_note-who.int-31"
"https://upload.wikimedia.org/wikipedia/commons/thumb/f/f0/Flag_of_Slovenia.svg/40px-Flag_of_Slovenia.svg.png","Slovenia","https://en.wikipedia.org/wiki/Slovenia","587","1,228,051","2,115,228","2024","49","https://en.wikipedia.org/wiki/List_of_countries_and_territories_by_motor_vehicles_per_capita#cite_note-49"
"https://upload.wikimedia.org/wikipedia/commons/thumb/7/71/Flag_of_Ethiopia.svg/40px-Flag_of_Ethiopia.svg.png","Ethiopia","https://en.wikipedia.org/wiki/Ethiopia","10","1,200,110","118,917,672","2020","117","https://en.wikipedia.org/wiki/List_of_countries_and_territories_by_motor_vehicles_per_capita#cite_note-117"
"https://upload.wikimedia.org/wikipedia/commons/thumb/4/4c/Flag_of_Mongolia.svg/40px-Flag_of_Mongolia.svg.png","Mongolia","https://en.wikipedia.org/wiki/Mongolia","347","1,192,520","3,431,933","2023","73","https://en.wikipedia.org/wiki/List_of_countries_and_territories_by_motor_vehicles_per_capita#cite_note-73"
"https://upload.wikimedia.org/wikipedia/commons/thumb/4/4b/Flag_of_Chad.svg/40px-Flag_of_Chad.svg.png","Chad","https://en.wikipedia.org/wiki/Chad","74","1,124,000","15,114,655","2016","31","https://en.wikipedia.org/wiki/List_of_countries_and_territories_by_motor_vehicles_per_capita#cite_note-who.int-31"
"https://upload.wikimedia.org/wikipedia/commons/thumb/b/b8/Flag_of_Liberia.svg/40px-Flag_of_Liberia.svg.png","Liberia","https://en.wikipedia.org/wiki/Liberia","248","1,085,075","4,373,044","2012","31","https://en.wikipedia.org/wiki/List_of_countries_and_territories_by_motor_vehicles_per_capita#cite_note-who.int-31"
"https://upload.wikimedia.org/wikipedia/commons/thumb/3/34/Flag_of_El_Salvador.svg/40px-Flag_of_El_Salvador.svg.png","El Salvador","https://en.wikipedia.org/wiki/El_Salvador","163","1,008,080","6,200,800","2016","31","https://en.wikipedia.org/wiki/List_of_countries_and_territories_by_motor_vehicles_per_capita#cite_note-who.int-31"
"https://upload.wikimedia.org/wikipedia/commons/thumb/8/8f/Flag_of_Estonia.svg/40px-Flag_of_Estonia.svg.png","Estonia","https://en.wikipedia.org/wiki/Estonia","635","998,852","1,350,092","2024","23","https://en.wikipedia.org/wiki/List_of_countries_and_territories_by_motor_vehicles_per_capita#cite_note-23"
"https://upload.wikimedia.org/wikipedia/commons/thumb/4/48/Flag_of_Singapore.svg/40px-Flag_of_Singapore.svg.png","Singapore","https://en.wikipedia.org/wiki/Singapore","172","996,732","5,789,090","2023","93","https://en.wikipedia.org/wiki/List_of_countries_and_territories_by_motor_vehicles_per_capita#cite_note-93"
"https://upload.wikimedia.org/wikipedia/commons/thumb/2/27/Flag_of_Moldova.svg/40px-Flag_of_Moldova.svg.png","Moldova","https://en.wikipedia.org/wiki/Moldova","354","982,349","3,039,985","2024","71","https://en.wikipedia.org/wiki/List_of_countries_and_territories_by_motor_vehicles_per_capita#cite_note-71"
"https://upload.wikimedia.org/wikipedia/commons/thumb/b/bf/Flag_of_Bosnia_and_Herzegovina.svg/40px-Flag_of_Bosnia_and_Herzegovina.svg.png","Bosnia and Herzegovina","https://en.wikipedia.org/wiki/Bosnia_and_Herzegovina","321","978,229","3,473,003","2024","76","https://en.wikipedia.org/wiki/List_of_countries_and_territories_by_motor_vehicles_per_capita#cite_note-76"
"https://upload.wikimedia.org/wikipedia/commons/thumb/5/5b/Flag_of_Hong_Kong.svg/40px-Flag_of_Hong_Kong.svg.png","Hong Kong","https://en.wikipedia.org/wiki/Hong_Kong","124","925,171","7,465,915","2022","100","https://en.wikipedia.org/wiki/List_of_countries_and_territories_by_motor_vehicles_per_capita#cite_note-100"
"https://upload.wikimedia.org/wikipedia/commons/thumb/f/fe/Flag_of_C%C3%B4te_d%27Ivoire.svg/40px-Flag_of_C%C3%B4te_d%27Ivoire.svg.png","Ivory Coast","https://en.wikipedia.org/wiki/Ivory_Coast","35","905,537","25,989,405","2016","31","https://en.wikipedia.org/wiki/List_of_countries_and_territories_by_motor_vehicles_per_capita#cite_note-who.int-31"
"https://upload.wikimedia.org/wikipedia/commons/thumb/2/2f/Flag_of_Armenia.svg/40px-Flag_of_Armenia.svg.png","Armenia","https://en.wikipedia.org/wiki/Armenia","303","900,692","2,973,841","2024","80","https://en.wikipedia.org/wiki/List_of_countries_and_territories_by_motor_vehicles_per_capita#cite_note-80"
"https://upload.wikimedia.org/wikipedia/commons/thumb/8/84/Flag_of_Latvia.svg/40px-Flag_of_Latvia.svg.png","Latvia","https://en.wikipedia.org/wiki/Latvia","424","871,153","1,881,063","2024","61","https://en.wikipedia.org/wiki/List_of_countries_and_territories_by_motor_vehicles_per_capita#cite_note-61"
"https://upload.wikimedia.org/wikipedia/commons/thumb/3/36/Flag_of_Albania.svg/40px-Flag_of_Albania.svg.png","Albania","https://en.wikipedia.org/wiki/Albania","328","867,765","2,811,655","2024","74","https://en.wikipedia.org/wiki/List_of_countries_and_territories_by_motor_vehicles_per_capita#cite_note-74"
"https://upload.wikimedia.org/wikipedia/commons/thumb/0/06/Flag_of_Zambia.svg/40px-Flag_of_Zambia.svg.png","Zambia","https://en.wikipedia.org/wiki/Zambia","45","853,909","19,059,395","2020","110","https://en.wikipedia.org/wiki/List_of_countries_and_territories_by_motor_vehicles_per_capita#cite_note-110"
"https://upload.wikimedia.org/wikipedia/commons/thumb/6/64/Flag_of_Trinidad_and_Tobago.svg/40px-Flag_of_Trinidad_and_Tobago.svg.png","Trinidad and Tobago","https://en.wikipedia.org/wiki/Trinidad_and_Tobago","582","831,803","1,429,189","2015","31","https://en.wikipedia.org/wiki/List_of_countries_and_territories_by_motor_vehicles_per_capita#cite_note-who.int-31"
"https://upload.wikimedia.org/wikipedia/commons/thumb/4/4f/Flag_of_Cameroon.svg/40px-Flag_of_Cameroon.svg.png","Cameroon","https://en.wikipedia.org/wiki/Cameroon","32","758,145","23,454,162","2016","31","https://en.wikipedia.org/wiki/List_of_countries_and_territories_by_motor_vehicles_per_capita#cite_note-who.int-31"
"https://upload.wikimedia.org/wikipedia/commons/thumb/2/2c/Flag_of_Bahrain.svg/40px-Flag_of_Bahrain.svg.png","Bahrain","https://en.wikipedia.org/wiki/Bahrain","476","747,350","1,569,666","2023","53","https://en.wikipedia.org/wiki/List_of_countries_and_territories_by_motor_vehicles_per_capita#cite_note-53"
"https://upload.wikimedia.org/wikipedia/commons/thumb/d/d4/Flag_of_Cyprus.svg/40px-Flag_of_Cyprus.svg.png","Cyprus","https://en.wikipedia.org/wiki/Cyprus","661","724,925","1,331,370","2024","20","https://en.wikipedia.org/wiki/List_of_countries_and_territories_by_motor_vehicles_per_capita#cite_note-20"
"https://upload.wikimedia.org/wikipedia/commons/thumb/d/d0/Flag_of_Mozambique.svg/40px-Flag_of_Mozambique.svg.png","Mozambique","https://en.wikipedia.org/wiki/Mozambique","26","698,864","27,337,105","2016","31","https://en.wikipedia.org/wiki/List_of_countries_and_territories_by_motor_vehicles_per_capita#cite_note-who.int-31"
"https://upload.wikimedia.org/wikipedia/commons/thumb/f/fa/Flag_of_Botswana.svg/40px-Flag_of_Botswana.svg.png","Botswana","https://en.wikipedia.org/wiki/Botswana","292","653,274","2,234,776","2016","31","https://en.wikipedia.org/wiki/List_of_countries_and_territories_by_motor_vehicles_per_capita#cite_note-who.int-31"
"https://upload.wikimedia.org/wikipedia/commons/thumb/b/bd/Flag_of_Cuba.svg/40px-Flag_of_Cuba.svg.png","Cuba","https://en.wikipedia.org/wiki/Cuba","56","633,369","11,265,612","2016","31","https://en.wikipedia.org/wiki/List_of_countries_and_territories_by_motor_vehicles_per_capita#cite_note-who.int-31"
"https://upload.wikimedia.org/wikipedia/commons/thumb/0/0a/Flag_of_Jamaica.svg/40px-Flag_of_Jamaica.svg.png","Jamaica","https://en.wikipedia.org/wiki/Jamaica","203","575,041","2,839,144","2022","88","https://en.wikipedia.org/wiki/List_of_countries_and_territories_by_motor_vehicles_per_capita#cite_note-88"
"https://upload.wikimedia.org/wikipedia/commons/thumb/d/da/Flag_of_Luxembourg.svg/40px-Flag_of_Luxembourg.svg.png","Luxembourg","https://en.wikipedia.org/wiki/Luxembourg","670","550,580","673,036","2024","17","https://en.wikipedia.org/wiki/List_of_countries_and_territories_by_motor_vehicles_per_capita#cite_note-17"
"https://upload.wikimedia.org/wikipedia/commons/thumb/7/79/Flag_of_North_Macedonia.svg/40px-Flag_of_North_Macedonia.svg.png","North Macedonia","https://en.wikipedia.org/wiki/North_Macedonia","318","483,482","1,837,114","2024","77","https://en.wikipedia.org/wiki/List_of_countries_and_territories_by_motor_vehicles_per_capita#cite_note-77"
"https://upload.wikimedia.org/wikipedia/commons/thumb/9/9c/Flag_of_Brunei.svg/40px-Flag_of_Brunei.svg.png","Brunei","https://en.wikipedia.org/wiki/Brunei","805","475,000","455,370","2022","9","https://en.wikipedia.org/wiki/List_of_countries_and_territories_by_motor_vehicles_per_capita#cite_note-ASEAN+OICA-9"
"https://upload.wikimedia.org/wikipedia/commons/thumb/3/3e/Flag_of_New_Zealand.svg/40px-Flag_of_New_Zealand.svg.png","New Zealand","https://en.wikipedia.org/wiki/New_Zealand","817","4,700,00","5,334,200","2023","8","https://en.wikipedia.org/wiki/List_of_countries_and_territories_by_motor_vehicles_per_capita#cite_note-8"
"https://upload.wikimedia.org/wikipedia/commons/thumb/0/0a/Flag_of_Benin.svg/40px-Flag_of_Benin.svg.png","Benin","https://en.wikipedia.org/wiki/Benin","40","469,761","11,697,842","2016","31","https://en.wikipedia.org/wiki/List_of_countries_and_territories_by_motor_vehicles_per_capita#cite_note-who.int-31"
"https://upload.wikimedia.org/wikipedia/commons/thumb/f/fd/Flag_of_Senegal.svg/40px-Flag_of_Senegal.svg.png","Senegal","https://en.wikipedia.org/wiki/Senegal","32","468,051","14,593,331","2015","31","https://en.wikipedia.org/wiki/List_of_countries_and_territories_by_motor_vehicles_per_capita#cite_note-who.int-31"
"https://upload.wikimedia.org/wikipedia/commons/thumb/1/1f/Flag_of_Kosovo.svg/40px-Flag_of_Kosovo.svg.png","Kosovo","https://en.wikipedia.org/wiki/Kosovo","232","460,105","1,700,031","2024","86","https://en.wikipedia.org/wiki/List_of_countries_and_territories_by_motor_vehicles_per_capita#cite_note-86"
"https://upload.wikimedia.org/wikipedia/commons/thumb/d/d0/Flag_of_Tajikistan.svg/40px-Flag_of_Tajikistan.svg.png","Tajikistan","https://en.wikipedia.org/wiki/Tajikistan","50","439,972","8,865,631","2016","31","https://en.wikipedia.org/wiki/List_of_countries_and_territories_by_motor_vehicles_per_capita#cite_note-who.int-31"
"https://upload.wikimedia.org/wikipedia/commons/thumb/7/73/Flag_of_Malta.svg/40px-Flag_of_Malta.svg.png","Malta","https://en.wikipedia.org/wiki/Malta","576","438,567","532,956","2024","35","https://en.wikipedia.org/wiki/List_of_countries_and_territories_by_motor_vehicles_per_capita#cite_note-35"
"https://upload.wikimedia.org/wikipedia/commons/thumb/f/f4/Flag_of_Niger.svg/20px-Flag_of_Niger.svg.png","Niger","https://en.wikipedia.org/wiki/Niger","21","436,420","20,685,754","2016","31","https://en.wikipedia.org/wiki/List_of_countries_and_territories_by_motor_vehicles_per_capita#cite_note-who.int-31"
"https://upload.wikimedia.org/wikipedia/commons/thumb/0/00/Flag_of_Namibia.svg/40px-Flag_of_Namibia.svg.png","Namibia","https://en.wikipedia.org/wiki/Namibia","148","418,292","2,506,853","2017","31","https://en.wikipedia.org/wiki/List_of_countries_and_territories_by_motor_vehicles_per_capita#cite_note-who.int-31"
"https://upload.wikimedia.org/wikipedia/commons/thumb/8/83/Flag_of_Cambodia.svg/40px-Flag_of_Cambodia.svg.png","Cambodia","https://en.wikipedia.org/wiki/Cambodia","21","370,000","17,423,881","2023","65","https://en.wikipedia.org/wiki/List_of_countries_and_territories_by_motor_vehicles_per_capita#cite_note-ASEAN-65"
"https://upload.wikimedia.org/wikipedia/commons/thumb/9/92/Flag_of_Mali.svg/40px-Flag_of_Mali.svg.png","Mali","https://en.wikipedia.org/wiki/Mali","19","344,345","18,593,022","2015","31","https://en.wikipedia.org/wiki/List_of_countries_and_territories_by_motor_vehicles_per_capita#cite_note-who.int-31"
"https://upload.wikimedia.org/wikipedia/commons/thumb/c/ce/Flag_of_Iceland.svg/40px-Flag_of_Iceland.svg.png","Iceland","https://en.wikipedia.org/wiki/Iceland","639","306,563","393,396","2024","22","https://en.wikipedia.org/wiki/List_of_countries_and_territories_by_motor_vehicles_per_capita#cite_note-22"
"https://upload.wikimedia.org/wikipedia/commons/thumb/1/17/Flag_of_Sierra_Leone.svg/40px-Flag_of_Sierra_Leone.svg.png","Sierra Leone","https://en.wikipedia.org/wiki/Sierra_Leone","41","300,000","7,379,299","2017","111","https://en.wikipedia.org/wiki/List_of_countries_and_territories_by_motor_vehicles_per_capita#cite_note-111"
"https://upload.wikimedia.org/wikipedia/commons/thumb/0/00/Flag_of_Palestine.svg/40px-Flag_of_Palestine.svg.png","Palestine","https://en.wikipedia.org/wiki/Palestine","59","268,365","4,521,565","2015","31","https://en.wikipedia.org/wiki/List_of_countries_and_territories_by_motor_vehicles_per_capita#cite_note-who.int-31"
"https://upload.wikimedia.org/wikipedia/commons/thumb/1/17/Flag_of_Rwanda.svg/40px-Flag_of_Rwanda.svg.png","Rwanda","https://en.wikipedia.org/wiki/Rwanda","20","264,524","13,065,837","2020","116","https://en.wikipedia.org/wiki/List_of_countries_and_territories_by_motor_vehicles_per_capita#cite_note-116"
"https://upload.wikimedia.org/wikipedia/commons/thumb/9/93/Flag_of_the_Bahamas.svg/40px-Flag_of_the_Bahamas.svg.png","Bahamas","https://en.wikipedia.org/wiki/The_Bahamas","650","260,000","397,539","2022","21","https://en.wikipedia.org/wiki/List_of_countries_and_territories_by_motor_vehicles_per_capita#cite_note-21"
"https://upload.wikimedia.org/wikipedia/commons/thumb/e/ed/Flag_of_Guinea.svg/40px-Flag_of_Guinea.svg.png","Guinea","https://en.wikipedia.org/wiki/Guinea","22","259,731","12,073,030","2016","31","https://en.wikipedia.org/wiki/List_of_countries_and_territories_by_motor_vehicles_per_capita#cite_note-who.int-31"
"https://upload.wikimedia.org/wikipedia/commons/thumb/6/63/Flag_of_Macau.svg/40px-Flag_of_Macau.svg.png","Macao","https://en.wikipedia.org/wiki/Macau","353","251,867","713,912","2023","72","https://en.wikipedia.org/wiki/List_of_countries_and_territories_by_motor_vehicles_per_capita#cite_note-72"
"https://upload.wikimedia.org/wikipedia/commons/thumb/6/64/Flag_of_Montenegro.svg/40px-Flag_of_Montenegro.svg.png","Montenegro","https://en.wikipedia.org/wiki/Montenegro","417","242,599","616,695","2024","63","https://en.wikipedia.org/wiki/List_of_countries_and_territories_by_motor_vehicles_per_capita#cite_note-63"
"https://upload.wikimedia.org/wikipedia/commons/thumb/6/60/Flag_of_Suriname.svg/40px-Flag_of_Suriname.svg.png","Suriname","https://en.wikipedia.org/wiki/Suriname","394","241,391","612,317","2020","66","https://en.wikipedia.org/wiki/List_of_countries_and_territories_by_motor_vehicles_per_capita#cite_note-66"
"https://upload.wikimedia.org/wikipedia/commons/thumb/b/bc/Flag_of_Madagascar.svg/40px-Flag_of_Madagascar.svg.png","Madagascar","https://en.wikipedia.org/wiki/Madagascar","9.3","236,979","25,426,703","2015","31","https://en.wikipedia.org/wiki/List_of_countries_and_territories_by_motor_vehicles_per_capita#cite_note-who.int-31"
"https://upload.wikimedia.org/wikipedia/commons/thumb/7/77/Flag_of_The_Gambia.svg/40px-Flag_of_The_Gambia.svg.png","Gambia","https://en.wikipedia.org/wiki/The_Gambia","78","200,000","2,576,010","2021","107","https://en.wikipedia.org/wiki/List_of_countries_and_territories_by_motor_vehicles_per_capita#cite_note-107"
"https://upload.wikimedia.org/wikipedia/commons/thumb/0/0f/Flag_of_Maldives.svg/40px-Flag_of_Maldives.svg.png","Maldives","https://en.wikipedia.org/wiki/Maldives","250","131,000","524,107","2022","84","https://en.wikipedia.org/wiki/List_of_countries_and_territories_by_motor_vehicles_per_capita#cite_note-84"
"https://upload.wikimedia.org/wikipedia/commons/thumb/b/ba/Flag_of_Fiji.svg/40px-Flag_of_Fiji.svg.png","Fiji","https://en.wikipedia.org/wiki/Fiji","142","130,000","914,963","2020","99","https://en.wikipedia.org/wiki/List_of_countries_and_territories_by_motor_vehicles_per_capita#cite_note-99"
"https://upload.wikimedia.org/wikipedia/commons/thumb/9/99/Flag_of_Guyana.svg/40px-Flag_of_Guyana.svg.png","Guyana","https://en.wikipedia.org/wiki/Guyana","171","128,000","749,257","2010","94","https://en.wikipedia.org/wiki/List_of_countries_and_territories_by_motor_vehicles_per_capita#cite_note-94"
"https://upload.wikimedia.org/wikipedia/commons/thumb/1/1c/Flag_of_Jersey.svg/40px-Flag_of_Jersey.svg.png","Jersey","https://en.wikipedia.org/wiki/Jersey","1,234","127,911","103,675","2023","4","https://en.wikipedia.org/wiki/List_of_countries_and_territories_by_motor_vehicles_per_capita#cite_note-4"
"https://upload.wikimedia.org/wikipedia/commons/thumb/9/91/Flag_of_Bhutan.svg/40px-Flag_of_Bhutan.svg.png","Bhutan","https://en.wikipedia.org/wiki/Bhutan","162","126,501","780,915","2022","96","https://en.wikipedia.org/wiki/List_of_countries_and_territories_by_motor_vehicles_per_capita#cite_note-96"
"https://upload.wikimedia.org/wikipedia/commons/thumb/0/07/Flag_of_Guam.svg/40px-Flag_of_Guam.svg.png","Guam","https://en.wikipedia.org/wiki/Guam","775","125,455","161,808","2019","12","https://en.wikipedia.org/wiki/List_of_countries_and_territories_by_motor_vehicles_per_capita#cite_note-12"
"https://upload.wikimedia.org/wikipedia/commons/thumb/e/ef/Flag_of_Barbados.svg/40px-Flag_of_Barbados.svg.png","Barbados","https://en.wikipedia.org/wiki/Barbados","425","120,000","282,318","2022","60","https://en.wikipedia.org/wiki/List_of_countries_and_territories_by_motor_vehicles_per_capita#cite_note-60"
"https://upload.wikimedia.org/wikipedia/commons/thumb/5/50/Flag_of_Burundi.svg/40px-Flag_of_Burundi.svg.png","Burundi","https://en.wikipedia.org/wiki/Burundi","9.7","111,236","11,506,762","2017","31","https://en.wikipedia.org/wiki/List_of_countries_and_territories_by_motor_vehicles_per_capita#cite_note-who.int-31"
"https://upload.wikimedia.org/wikipedia/commons/thumb/e/e3/Flag_of_Papua_New_Guinea.svg/20px-Flag_of_Papua_New_Guinea.svg.png","Papua New Guinea","https://en.wikipedia.org/wiki/Papua_New_Guinea","11","100,993","8,961,718","2016","31","https://en.wikipedia.org/wiki/List_of_countries_and_territories_by_motor_vehicles_per_capita#cite_note-who.int-31"
"https://upload.wikimedia.org/wikipedia/commons/thumb/1/19/Flag_of_Andorra.svg/40px-Flag_of_Andorra.svg.png","Andorra","https://en.wikipedia.org/wiki/Andorra","1,214","98,183","80,856","2023","5","https://en.wikipedia.org/wiki/List_of_countries_and_territories_by_motor_vehicles_per_capita#cite_note-5"
"https://upload.wikimedia.org/wikipedia/commons/thumb/f/fa/Flag_of_Guernsey.svg/40px-Flag_of_Guernsey.svg.png","Guernsey","https://en.wikipedia.org/wiki/Bailiwick_of_Guernsey","1,389","88,532","63,726","2022","3","https://en.wikipedia.org/wiki/List_of_countries_and_territories_by_motor_vehicles_per_capita#cite_note-3"
"https://upload.wikimedia.org/wikipedia/commons/thumb/2/29/Flag_of_Eritrea.svg/40px-Flag_of_Eritrea.svg.png","Eritrea","https://en.wikipedia.org/wiki/Eritrea","23","72,405","3,124,698","2016","31","https://en.wikipedia.org/wiki/List_of_countries_and_territories_by_motor_vehicles_per_capita#cite_note-who.int-31"
"https://upload.wikimedia.org/wikipedia/commons/thumb/3/38/Flag_of_Cape_Verde.svg/40px-Flag_of_Cape_Verde.svg.png","Cape Verde","https://en.wikipedia.org/wiki/Cape_Verde","127","64,955","512,554","2016","31","https://en.wikipedia.org/wiki/List_of_countries_and_territories_by_motor_vehicles_per_capita#cite_note-who.int-31"
"https://upload.wikimedia.org/wikipedia/commons/thumb/7/7a/Flag_of_Togo_%283-2%29.svg/40px-Flag_of_Togo_%283-2%29.svg.png","Togo","https://en.wikipedia.org/wiki/Togo","8.2","64,118","7,858,289","2016","31","https://en.wikipedia.org/wiki/List_of_countries_and_territories_by_motor_vehicles_per_capita#cite_note-who.int-31"
"https://upload.wikimedia.org/wikipedia/commons/thumb/0/01/Flag_of_Guinea-Bissau.svg/40px-Flag_of_Guinea-Bissau.svg.png","Guinea-Bissau","https://en.wikipedia.org/wiki/Guinea-Bissau","34","62,239","1,831,894","2016","31","https://en.wikipedia.org/wiki/List_of_countries_and_territories_by_motor_vehicles_per_capita#cite_note-who.int-31"
"https://upload.wikimedia.org/wikipedia/commons/thumb/a/a0/Flag_of_Somalia.svg/40px-Flag_of_Somalia.svg.png","Somalia","https://en.wikipedia.org/wiki/Somalia","4.5","59,457","13,339,491","2014","31","https://en.wikipedia.org/wiki/List_of_countries_and_territories_by_motor_vehicles_per_capita#cite_note-who.int-31"
"https://upload.wikimedia.org/wikipedia/commons/thumb/e/e7/Flag_of_Belize.svg/40px-Flag_of_Belize.svg.png","Belize","https://en.wikipedia.org/wiki/Belize","189","56,094","296,100","2007","31","https://en.wikipedia.org/wiki/List_of_countries_and_territories_by_motor_vehicles_per_capita#cite_note-who.int-31"
"https://upload.wikimedia.org/wikipedia/commons/thumb/8/89/Flag_of_Antigua_and_Barbuda.svg/40px-Flag_of_Antigua_and_Barbuda.svg.png","Antigua and Barbuda","https://en.wikipedia.org/wiki/Antigua_and_Barbuda","598","54,891","91,846","2020","28","https://en.wikipedia.org/wiki/List_of_countries_and_territories_by_motor_vehicles_per_capita#cite_note-28"
"https://upload.wikimedia.org/wikipedia/commons/thumb/b/b1/Flag_of_San_Marino.svg/20px-Flag_of_San_Marino.svg.png","San Marino","https://en.wikipedia.org/wiki/San_Marino","1,606","53,940","33,581","2024","2","https://en.wikipedia.org/wiki/List_of_countries_and_territories_by_motor_vehicles_per_capita#cite_note-2"
"https://upload.wikimedia.org/wikipedia/commons/thumb/3/34/Flag_of_Djibouti.svg/40px-Flag_of_Djibouti.svg.png","Djibouti","https://en.wikipedia.org/wiki/Djibouti","35","40,000","1,137,096","2022","113","https://en.wikipedia.org/wiki/List_of_countries_and_territories_by_motor_vehicles_per_capita#cite_note-113"
"https://upload.wikimedia.org/wikipedia/commons/thumb/6/6f/Flag_of_the_Central_African_Republic.svg/40px-Flag_of_the_Central_African_Republic.svg.png","Central African Republic","https://en.wikipedia.org/wiki/Central_African_Republic","8.1","37,475","4,623,182","2014","31","https://en.wikipedia.org/wiki/List_of_countries_and_territories_by_motor_vehicles_per_capita#cite_note-who.int-31"
"https://upload.wikimedia.org/wikipedia/commons/thumb/9/9f/Flag_of_Saint_Lucia.svg/40px-Flag_of_Saint_Lucia.svg.png","Saint Lucia","https://en.wikipedia.org/wiki/Saint_Lucia","203","35,681","175,646","2016","31","https://en.wikipedia.org/wiki/List_of_countries_and_territories_by_motor_vehicles_per_capita#cite_note-who.int-31"
"https://upload.wikimedia.org/wikipedia/commons/thumb/9/94/Flag_of_the_Comoros.svg/40px-Flag_of_the_Comoros.svg.png","Comoros","https://en.wikipedia.org/wiki/Comoros","47","34,898","741,741","2016","31","https://en.wikipedia.org/wiki/List_of_countries_and_territories_by_motor_vehicles_per_capita#cite_note-who.int-31"
"https://upload.wikimedia.org/wikipedia/commons/thumb/0/0a/Flag_of_S%C3%A3o_Tom%C3%A9_and_Pr%C3%ADncipe.svg/40px-Flag_of_S%C3%A3o_Tom%C3%A9_and_Pr%C3%ADncipe.svg.png","São Tomé and Príncipe","https://en.wikipedia.org/wiki/S%C3%A3o_Tom%C3%A9_and_Pr%C3%ADncipe","165","34,050","206,971","2017","31","https://en.wikipedia.org/wiki/List_of_countries_and_territories_by_motor_vehicles_per_capita#cite_note-who.int-31"
"https://upload.wikimedia.org/wikipedia/commons/thumb/4/47/Flag_of_Liechtenstein.svg/40px-Flag_of_Liechtenstein.svg.png","Liechtenstein","https://en.wikipedia.org/wiki/Liechtenstein","767","31,340","39,870","2024","13","https://en.wikipedia.org/wiki/List_of_countries_and_territories_by_motor_vehicles_per_capita#cite_note-13"
"https://upload.wikimedia.org/wikipedia/commons/thumb/5/51/Flag_of_North_Korea.svg/40px-Flag_of_North_Korea.svg.png","North Korea","https://en.wikipedia.org/wiki/North_Korea","1.1","30,000","26,498,823","2024","118","https://en.wikipedia.org/wiki/List_of_countries_and_territories_by_motor_vehicles_per_capita#cite_note-118"
"https://upload.wikimedia.org/wikipedia/commons/thumb/3/3c/Flag_of_the_Faroe_Islands.svg/40px-Flag_of_the_Faroe_Islands.svg.png","Faroe Islands","https://en.wikipedia.org/wiki/Faroe_Islands","522","28,562","54,714","2023","41","https://en.wikipedia.org/wiki/List_of_countries_and_territories_by_motor_vehicles_per_capita#cite_note-Nordic_Stats-41"
"https://upload.wikimedia.org/wikipedia/commons/thumb/b/bc/Flag_of_Grenada.svg/40px-Flag_of_Grenada.svg.png","Grenada","https://en.wikipedia.org/wiki/Grenada","237","27,266","115,130","2016","31","https://en.wikipedia.org/wiki/List_of_countries_and_territories_by_motor_vehicles_per_capita#cite_note-who.int-31"
"https://upload.wikimedia.org/wikipedia/commons/thumb/f/fe/Flag_of_Saint_Kitts_and_Nevis.svg/40px-Flag_of_Saint_Kitts_and_Nevis.svg.png","Saint Kitts and Nevis","https://en.wikipedia.org/wiki/Saint_Kitts_and_Nevis","543","25,374","46,758","2023","39","https://en.wikipedia.org/wiki/List_of_countries_and_territories_by_motor_vehicles_per_capita#cite_note-39"
"https://upload.wikimedia.org/wikipedia/commons/thumb/3/31/Flag_of_Samoa.svg/40px-Flag_of_Samoa.svg.png","Samoa","https://en.wikipedia.org/wiki/Samoa","124","25,235","203,499","2016","31","https://en.wikipedia.org/wiki/List_of_countries_and_territories_by_motor_vehicles_per_capita#cite_note-who.int-31"
"https://upload.wikimedia.org/wikipedia/commons/thumb/f/fc/Flag_of_Seychelles.svg/40px-Flag_of_Seychelles.svg.png","Seychelles","https://en.wikipedia.org/wiki/Seychelles","210","23,076","109,821","2016","31","https://en.wikipedia.org/wiki/List_of_countries_and_territories_by_motor_vehicles_per_capita#cite_note-who.int-31"
"https://upload.wikimedia.org/wikipedia/commons/thumb/c/c4/Flag_of_Dominica.svg/40px-Flag_of_Dominica.svg.png","Dominica","https://en.wikipedia.org/wiki/Dominica","271","18,311","67,573","2020","81","https://en.wikipedia.org/wiki/List_of_countries_and_territories_by_motor_vehicles_per_capita#cite_note-81"
"https://upload.wikimedia.org/wikipedia/commons/thumb/9/9a/Flag_of_Tonga.svg/40px-Flag_of_Tonga.svg.png","Tonga","https://en.wikipedia.org/wiki/Tonga","158","16,717","105,567","2018","97","https://en.wikipedia.org/wiki/List_of_countries_and_territories_by_motor_vehicles_per_capita#cite_note-97"
"https://upload.wikimedia.org/wikipedia/commons/thumb/e/e4/Flag_of_the_Federated_States_of_Micronesia.svg/40px-Flag_of_the_Federated_States_of_Micronesia.svg.png","Micronesia","https://en.wikipedia.org/wiki/Federated_States_of_Micronesia","99","11,014","110,917","2020","102","https://en.wikipedia.org/wiki/List_of_countries_and_territories_by_motor_vehicles_per_capita#cite_note-102"
"https://upload.wikimedia.org/wikipedia/commons/thumb/7/74/Flag_of_the_Solomon_Islands.svg/40px-Flag_of_the_Solomon_Islands.svg.png","Solomon Islands","https://en.wikipedia.org/wiki/Solomon_Islands","21","11,000","532,968","2010","115","https://en.wikipedia.org/wiki/List_of_countries_and_territories_by_motor_vehicles_per_capita#cite_note-115"
"https://upload.wikimedia.org/wikipedia/commons/thumb/0/09/Flag_of_Greenland.svg/40px-Flag_of_Greenland.svg.png","Greenland","https://en.wikipedia.org/wiki/Greenland","126","7,054","55,923","2023","41","https://en.wikipedia.org/wiki/List_of_countries_and_territories_by_motor_vehicles_per_capita#cite_note-Nordic_Stats-41"
"https://upload.wikimedia.org/wikipedia/commons/thumb/3/30/Flag_of_Nauru.svg/40px-Flag_of_Nauru.svg.png","Nauru","https://en.wikipedia.org/wiki/Nauru","424","5,000","11,801","2022","62","https://en.wikipedia.org/wiki/List_of_countries_and_territories_by_motor_vehicles_per_capita#cite_note-62"
"https://upload.wikimedia.org/wikipedia/commons/thumb/d/d3/Flag_of_Kiribati.svg/40px-Flag_of_Kiribati.svg.png","Kiribati","https://en.wikipedia.org/wiki/Kiribati","31","3,706","120,275","2017","31","https://en.wikipedia.org/wiki/List_of_countries_and_territories_by_motor_vehicles_per_capita#cite_note-who.int-31"