Name,Source,Population,Yearly Change,Net Change,Density per km2,Land Area,Migrants,Fertility Rate,Median Age,Urban Population,World Share
India,https://www.worldometers.info/world-population/india-population/,"1,476,625,576",0.87%,"12,760,051",497,"2,973,190","−440,456",1.93,29.2,37.6%,17.79%
China,https://www.worldometers.info/world-population/china-population/,"1,412,914,089",−0.22%,"−3,182,005",150,"9,388,211","−232,107",1.03,40.6,68.7%,17.02%
United States,https://www.worldometers.info/world-population/us-population/,"349,035,494",0.51%,"1,759,687",38,"9,147,420","1,177,848",1.63,38.7,83.1%,4.20%
Indonesia,https://www.worldometers.info/world-population/indonesia-population/,"287,886,782",0.76%,"2,165,546",159,"1,811,570","−39,472",2.08,30.7,60.3%,3.47%
Pakistan,https://www.worldometers.info/world-population/pakistan-population/,"259,299,791",1.6%,"4,080,237",336,"770,880","−1,144,738",3.44,20.8,34.7%,3.12%
Nigeria,https://www.worldometers.info/world-population/nigeria-population/,"242,431,832",2.06%,"4,904,050",266,"910,770","−2,810",4.21,18.3,55.8%,2.92%
Brazil,https://www.worldometers.info/world-population/brazil-population/,"213,562,666",0.35%,"750,261",26,"8,358,140","−205,642",1.59,35.3,91.7%,2.57%
Bangladesh,https://www.worldometers.info/world-population/bangladesh-population/,"177,818,044",1.21%,"2,131,145","1,366","130,170","−371,398",2.09,26.3,43.2%,2.14%
Russia,https://www.worldometers.info/world-population/russia-population/,"143,394,458",−0.42%,"−602,935",9,"16,376,870","324,924",1.47,40.7,75.4%,1.73%
Ethiopia,https://www.worldometers.info/world-population/ethiopia-population/,"138,902,185",2.53%,"3,430,134",139,"1,000,000","27,298",3.72,19.3,22.9%,1.67%
Mexico,https://www.worldometers.info/world-population/mexico-population/,"132,997,658",0.8%,"1,050,758",68,"1,943,950","−109,844",1.85,30,88.3%,1.60%
Japan,https://www.worldometers.info/world-population/japan-population/,"122,427,731",−0.55%,"−675,748",336,"364,555","128,619",1.23,50.2,93.4%,1.47%
Egypt,https://www.worldometers.info/world-population/egypt-population/,"120,101,175",1.47%,"1,735,180",121,"995,450","−52,287",2.68,24.7,41.1%,1.45%
Philippines,https://www.worldometers.info/world-population/philippines-population/,"117,724,471",0.8%,"937,509",395,"298,170","−144,275",1.86,26.6,49.9%,1.42%
DR Congo,https://www.worldometers.info/world-population/democratic-republic-of-the-congo-population/,"116,452,162",3.21%,"3,619,689",51,"2,267,050","−28,843",5.8,15.9,45.4%,1.40%
Vietnam,https://www.worldometers.info/world-population/vietnam-population/,"102,177,431",0.57%,"578,904",330,"310,070","−51,045",1.86,33.9,42.2%,1.23%
Iran,https://www.worldometers.info/world-population/iran-population/,"93,168,497",0.81%,"750,816",57,"1,628,550","66,848",1.66,34.5,73.5%,1.12%
Turkey,https://www.worldometers.info/world-population/turkey-population/,"87,926,082",0.27%,"240,656",114,"769,630","−217,896",1.62,33.9,77.5%,1.06%
Germany,https://www.worldometers.info/world-population/germany-population/,"83,644,258",−0.51%,"−430,817",240,"348,560","158,442",1.46,45.7,77%,1.01%
Tanzania,https://www.worldometers.info/world-population/tanzania-population/,"72,563,780",2.86%,"2,017,915",82,"885,800","−25,275",4.41,17.6,40.8%,0.87%
Thailand,https://www.worldometers.info/world-population/thailand-population/,"71,559,614",−0.08%,"−60,249",140,"510,890","29,200",1.19,41,54.3%,0.86%
United Kingdom,https://www.worldometers.info/world-population/uk-population/,"69,931,528",0.55%,"380,196",289,"241,930","364,099",1.53,40.2,84.7%,0.84%
France,https://www.worldometers.info/world-population/france-population/,"66,746,401",0.14%,"95,597",122,"547,557","88,533",1.64,42.5,83%,0.80%
South Africa,https://www.worldometers.info/world-population/south-africa-population/,"65,453,084",1.09%,"705,765",54,"1,213,090","131,684",2.17,28.9,66.9%,0.79%
Italy,https://www.worldometers.info/world-population/italy-population/,"58,926,166",−0.37%,"−220,094",200,"294,140","58,272",1.22,48.6,72.4%,0.71%
Kenya,https://www.worldometers.info/world-population/kenya-population/,"58,636,412",1.92%,"1,103,919",103,"569,140","−34,838",3.07,20.3,32.6%,0.71%
Myanmar,https://www.worldometers.info/world-population/myanmar-population/,"55,184,819",0.61%,"334,171",84,"653,290","−40,682",2.06,30.4,34.6%,0.66%
Colombia,https://www.worldometers.info/world-population/colombia-population/,"53,936,226",0.96%,"510,591",49,"1,109,500","115,815",1.6,33,80.5%,0.65%
Sudan,https://www.worldometers.info/world-population/sudan-population/,"53,282,719",3.14%,"1,620,572",30,"1,765,048","252,038",4.13,18.8,35.4%,0.64%
Uganda,https://www.worldometers.info/world-population/uganda-population/,"52,761,469",2.68%,"1,376,575",264,"199,810","−121,799",3.97,17.1,30.8%,0.64%
South Korea,https://www.worldometers.info/world-population/south-korea-population/,"51,600,388",−0.13%,"−66,641",531,"97,230","62,644",0.76,46.2,82.8%,0.62%
Algeria,https://www.worldometers.info/world-population/algeria-population/,"48,028,334",1.25%,"593,022",20,"2,381,740","−28,841",2.62,28.8,74.8%,0.58%
Iraq,https://www.worldometers.info/world-population/iraq-population/,"48,007,437",2.1%,"986,663",111,"434,320","−13,102",3.13,21.1,73%,0.58%
Spain,https://www.worldometers.info/world-population/spain-population/,"47,850,793",−0.08%,"−39,165",96,"498,800","85,305",1.24,46.3,79.6%,0.58%
Argentina,https://www.worldometers.info/world-population/argentina-population/,"46,003,734",0.33%,"152,356",17,"2,736,690","2,316",1.51,33.3,96.5%,0.55%
Afghanistan,https://www.worldometers.info/world-population/afghanistan-population/,"45,047,069",2.74%,"1,202,958",69,"652,860","−53,884",4.56,17.4,26.9%,0.54%
Yemen,https://www.worldometers.info/world-population/yemen-population/,"42,961,653",2.84%,"1,187,775",81,"527,970","−22,178",4.33,18.5,33.3%,0.52%
Canada,https://www.worldometers.info/world-population/canada-population/,"40,467,728",0.85%,"341,005",4,"9,093,510","291,403",1.33,40.8,80.2%,0.49%
Angola,https://www.worldometers.info/world-population/angola-population/,"40,215,179",3.01%,"1,175,140",32,"1,246,700","−4,270",4.89,16.7,69.4%,0.48%
Ukraine,https://www.worldometers.info/world-population/ukraine-population/,"39,535,849",1.43%,"555,473",68,"579,320","−6,229",1,41.8,75.5%,0.48%
Morocco,https://www.worldometers.info/world-population/morocco-population/,"38,762,441",0.86%,"331,671",87,"446,300","−60,886",2.16,30.1,67.9%,0.47%
Poland,https://www.worldometers.info/world-population/poland-population/,"37,843,188",−0.78%,"−297,722",124,"306,230","−7,971",1.31,43,59.7%,0.46%
Uzbekistan,https://www.worldometers.info/world-population/uzbekistan-population/,"37,724,223",1.81%,"670,795",89,"425,400","−4,517",3.4,27,47.9%,0.45%
Mozambique,https://www.worldometers.info/world-population/mozambique-population/,"36,639,851",2.83%,"1,008,198",47,"786,380","−55,988",4.54,16.6,42.1%,0.44%
Malaysia,https://www.worldometers.info/world-population/malaysia-population/,"36,385,115",1.13%,"407,277",111,"328,550","159,001",1.52,31.4,77.8%,0.44%
Ghana,https://www.worldometers.info/world-population/ghana-population/,"35,697,557",1.81%,"633,285",157,"227,540","−24,195",3.26,21.6,59.2%,0.43%
Saudi Arabia,https://www.worldometers.info/world-population/saudi-arabia-population/,"35,165,787",1.73%,"599,459",16,"2,149,690","108,660",2.27,29.7,91.9%,0.42%
Peru,https://www.worldometers.info/world-population/peru-population/,"34,922,148",1%,"345,483",27,"1,280,000","6,707",1.93,30.6,80.9%,0.42%
Madagascar,https://www.worldometers.info/world-population/madagascar-population/,"33,522,052",2.39%,"781,374",58,"581,795","−2,665",3.78,19.4,41%,0.40%
Côte d'Ivoire,https://www.worldometers.info/world-population/cote-d-ivoire-population/,"33,494,346",2.39%,"782,799",105,"318,000","6,535",4.1,18.5,49.5%,0.40%
Cameroon,https://www.worldometers.info/world-population/cameroon-population/,"30,640,817",2.55%,"761,480",65,"472,710","−18,922",4.12,18.2,59.8%,0.37%
Nepal,https://www.worldometers.info/world-population/nepal-population/,"29,629,410",0.04%,"11,292",207,"143,350","−292,014",1.92,25.7,25.3%,0.36%
Niger,https://www.worldometers.info/world-population/niger-population/,"28,814,878",3.21%,"897,047",23,"1,266,700","−10,620",5.64,15.7,18.5%,0.35%
Venezuela,https://www.worldometers.info/world-population/venezuela-population/,"28,633,711",0.41%,"116,815",32,"882,050","−92,869",2.04,29.5,–,0.34%
Australia,https://www.worldometers.info/world-population/australia-population/,"27,227,096",0.94%,"253,070",4,"7,682,300","131,706",1.64,38.5,86.7%,0.33%
North Korea,https://www.worldometers.info/world-population/north-korea-population/,"26,633,691",0.24%,"62,655",221,"120,410","−2,809",1.75,36.8,63.7%,0.32%
Syria,https://www.worldometers.info/world-population/syria-population/,"26,472,497",3.33%,"852,070",144,"183,630","305,822",2.62,23.8,54.2%,0.32%
Mali,https://www.worldometers.info/world-population/mali-population/,"25,932,275",2.91%,"733,454",21,"1,220,190","−52,609",5.33,15.9,45.1%,0.31%
Burkina Faso,https://www.worldometers.info/world-population/burkina-faso-population/,"24,601,700",2.19%,"527,120",90,"273,600","−28,309",3.92,18,34.5%,0.30%
Sri Lanka,https://www.worldometers.info/world-population/sri-lanka-population/,"23,348,315",0.51%,"118,845",372,"62,710","−30,760",1.93,33.6,18.2%,0.28%
Taiwan,https://www.worldometers.info/world-population/taiwan-population/,"23,011,292",−0.44%,"−101,501",650,"35,410","−15,041",0.86,45.4,84.9%,0.28%
Malawi,https://www.worldometers.info/world-population/malawi-population/,"22,785,535",2.56%,"569,415",242,"94,280","1,348",3.45,18.4,20.2%,0.27%
Zambia,https://www.worldometers.info/world-population/zambia-population/,"22,521,915",2.77%,"608,041",30,"743,390","6,939",3.91,18.2,47.4%,0.27%
Chad,https://www.worldometers.info/world-population/chad-population/,"21,560,380",2.65%,"556,675",17,"1,259,200","−112,304",5.83,15.7,22.7%,0.26%
Kazakhstan,https://www.worldometers.info/world-population/kazakhstan-population/,"21,083,626",1.15%,"239,872",8,"2,699,700","−12,814",2.92,29.7,55.2%,0.25%
Somalia,https://www.worldometers.info/world-population/somalia-population/,"20,305,907",3.31%,"651,168",32,"627,340","15,364",5.8,15.6,47.1%,0.24%
Chile,https://www.worldometers.info/world-population/chile-population/,"19,945,850",0.43%,"85,929",27,"743,532","48,106",1.12,37.4,85.1%,0.24%
Senegal,https://www.worldometers.info/world-population/senegal-population/,"19,366,548",2.3%,"434,582",101,"192,530","−13,429",3.66,19.8,53%,0.23%
Guatemala,https://www.worldometers.info/world-population/guatemala-population/,"18,967,978",1.5%,"280,097",177,"107,160","−7,432",2.23,23.8,57.1%,0.23%
Romania,https://www.worldometers.info/world-population/romania-population/,"18,800,605",−0.57%,"−108,045",82,"230,170","−28,982",1.71,43.5,55.5%,0.23%
Netherlands,https://www.worldometers.info/world-population/netherlands-population/,"18,448,775",0.56%,"101,956",547,"33,720","89,379",1.44,41.5,88.9%,0.22%
Ecuador,https://www.worldometers.info/world-population/ecuador-population/,"18,444,506",0.85%,"154,610",74,"248,360","−13,851",1.78,29.7,66.4%,0.22%
Cambodia,https://www.worldometers.info/world-population/cambodia-population/,"18,051,219",1.14%,"203,237",102,"176,520","−34,323",2.49,26.4,26.9%,0.22%
Zimbabwe,https://www.worldometers.info/world-population/zimbabwe-population/,"17,273,580",1.9%,"322,785",45,"386,850","−54,620",3.57,18.3,38.2%,0.21%
Guinea,https://www.worldometers.info/world-population/guinea-population/,"15,441,993",2.27%,"342,266",63,"245,720","−19,725",3.96,18.5,40.9%,0.19%
Benin,https://www.worldometers.info/world-population/benin-population/,"15,170,419",2.4%,"355,959",135,"112,760","−6,318",4.34,18.2,48.4%,0.18%
Rwanda,https://www.worldometers.info/world-population/rwanda-population/,"14,889,693",2.2%,"320,352",604,"24,670","−7,003",3.54,20.2,18.5%,0.18%
Burundi,https://www.worldometers.info/world-population/burundi-population/,"14,729,157",2.36%,"339,154",574,"25,680","−35,108",4.57,16.6,15.4%,0.18%
Bolivia,https://www.worldometers.info/world-population/bolivia-population/,"12,749,291",1.33%,"167,448",12,"1,083,300","−3,157",2.47,25.5,71%,0.15%
South Sudan,https://www.worldometers.info/world-population/south-sudan-population/,"12,436,037",2.03%,"247,249",20,"610,952","7,974",3.63,19,28.3%,0.15%
Tunisia,https://www.worldometers.info/world-population/tunisia-population/,"12,415,138",0.54%,"66,565",80,"155,360","−14,794",1.79,33.4,72.2%,0.15%
Haiti,https://www.worldometers.info/world-population/haiti-population/,"12,037,506",1.1%,"131,411",437,"27,560","−31,968",2.55,24.3,62.4%,0.15%
Belgium,https://www.worldometers.info/world-population/belgium-population/,"11,774,642",0.14%,"16,039",389,"30,280","29,607",1.4,42.1,99%,0.14%
Dominican Republic,https://www.worldometers.info/world-population/dominican-republic-population/,"11,609,500",0.77%,"89,013",240,"48,320","−35,038",2.17,28.7,86.9%,0.14%
Jordan,https://www.worldometers.info/world-population/jordan-population/,"11,589,532",0.6%,"68,848",131,"88,780","60,699",2.54,24.9,85.4%,0.14%
United Arab Emirates,https://www.worldometers.info/world-population/united-arab-emirates-population/,"11,574,682",2.02%,"228,682",138,"83,600","87,401",1.21,31.6,80.7%,0.14%
Honduras,https://www.worldometers.info/world-population/honduras-population/,"11,184,760",1.63%,"178,910",100,"111,890","−4,603",2.42,24.6,58.8%,0.13%
Tajikistan,https://www.worldometers.info/world-population/tajikistan-population/,"10,978,599",1.78%,"191,865",78,"139,960","−20,198",2.96,22.4,28%,0.13%
Papua New Guinea,https://www.worldometers.info/world-population/papua-new-guinea-population/,"10,947,848",1.72%,"185,031",24,"452,860",−534,2.99,23,12.7%,0.13%
Cuba,https://www.worldometers.info/world-population/cuba-population/,"10,892,659",−0.41%,"−44,544",102,"106,440","−22,086",1.46,42.5,82.4%,0.13%
Sweden,https://www.worldometers.info/world-population/sweden-population/,"10,701,047",0.42%,"44,414",26,"410,340","42,755",1.45,40.4,87.7%,0.13%
Czech Republic (Czechia),https://www.worldometers.info/world-population/czechia-population/,"10,527,781",−0.77%,"−81,458",136,"77,240","13,400",1.47,44.3,75.7%,0.13%
Azerbaijan,https://www.worldometers.info/world-population/azerbaijan-population/,"10,454,855",0.55%,"57,142",126,"82,658","7,708",1.66,34.1,59.1%,0.13%
Portugal,https://www.worldometers.info/world-population/portugal-population/,"10,395,362",−0.16%,"−16,472",113,"91,590","16,968",1.52,47.2,66.9%,0.13%
Togo,https://www.worldometers.info/world-population/togo-population/,"9,930,918",2.15%,"209,310",183,"54,390","−12,642",4.01,19.2,44.8%,0.12%
Greece,https://www.worldometers.info/world-population/greece-population/,"9,897,115",−0.42%,"−41,729",77,"128,900","14,649",1.34,47.1,90%,0.12%
Israel,https://www.worldometers.info/world-population/israel-population/,"9,647,689",1.37%,"130,508",446,"21,640","13,023",2.73,29.3,91.5%,0.12%
Hungary,https://www.worldometers.info/world-population/hungary-population/,"9,585,818",−0.48%,"−46,469",106,"90,530","12,936",1.5,44.2,72.4%,0.12%
Austria,https://www.worldometers.info/world-population/austria-population/,"9,107,266",−0.07%,"−6,308",111,"82,409","13,212",1.34,43.9,59%,0.11%
Switzerland,https://www.worldometers.info/world-population/switzerland-population/,"9,007,798",0.45%,"40,391",228,"39,516","34,096",1.45,43.2,74.6%,0.11%
Sierra Leone,https://www.worldometers.info/world-population/sierra-leone-population/,"8,996,745",2.01%,"176,951",125,"72,180","−12,277",3.53,19.9,46%,0.11%
Belarus,https://www.worldometers.info/world-population/belarus-population/,"8,937,018",−0.67%,"−60,585",44,"202,910","−3,608",1.23,41.8,85.1%,0.11%
Laos,https://www.worldometers.info/world-population/laos-population/,"7,974,017",1.28%,"100,971",35,"230,800","−11,125",2.33,25.3,38.9%,0.096%
Turkmenistan,https://www.worldometers.info/world-population/turkmenistan-population/,"7,736,632",1.55%,"117,785",16,"469,930","11,792",2.6,27.3,46.7%,0.093%
Libya,https://www.worldometers.info/world-population/libya-population/,"7,539,851",1.09%,"81,296",4,"1,759,540","2,610",2.21,28,77.7%,0.091%
Kyrgyzstan,https://www.worldometers.info/world-population/kyrgyzstan-population/,"7,400,465",1.45%,"105,431",39,"191,800",39,2.72,25.5,35.5%,0.089%
Hong Kong,https://www.worldometers.info/world-population/china-hong-kong-sar-population/,"7,378,602",−0.24%,"−17,474","7,027","1,050","−12,576",0.75,47.9,–,0.089%
Nicaragua,https://www.worldometers.info/world-population/nicaragua-population/,"7,097,329",1.28%,"89,827",59,"120,340","−8,485",2.16,26.3,58.2%,0.086%
Paraguay,https://www.worldometers.info/world-population/paraguay-population/,"7,095,279",1.17%,"82,201",18,"397,300","−12,243",2.37,27.3,68.3%,0.085%
Bulgaria,https://www.worldometers.info/world-population/bulgaria-population/,"6,667,659",−0.7%,"−46,901",61,"108,560","−5,722",1.74,45,77.4%,0.080%
Serbia,https://www.worldometers.info/world-population/serbia-population/,"6,641,964",−0.7%,"−47,075",76,"87,460","−5,883",1.5,44.7,74.2%,0.080%
Congo,https://www.worldometers.info/world-population/congo-population/,"6,637,785",2.36%,"153,348",19,"341,500","−3,298",3.99,18.7,70.3%,0.080%
El Salvador,https://www.worldometers.info/world-population/el-salvador-population/,"6,391,253",0.4%,"25,750",308,"20,720","−23,530",1.74,28.4,80.5%,0.077%
Denmark,https://www.worldometers.info/world-population/denmark-population/,"6,023,520",0.35%,"21,013",142,"42,430","18,360",1.52,41.3,87.6%,0.073%
Singapore,https://www.worldometers.info/world-population/singapore-population/,"5,905,748",0.6%,"34,998","8,437",700,"13,379",0.97,36.8,–,0.071%
Lebanon,https://www.worldometers.info/world-population/lebanon-population/,"5,897,467",0.82%,"48,046",576,"10,230","−6,685",2.19,29,84.4%,0.071%
Liberia,https://www.worldometers.info/world-population/liberia-population/,"5,853,949",2.14%,"122,743",61,"96,320","−1,051",3.71,19,55.7%,0.071%
Central African Republic,https://www.worldometers.info/world-population/central-african-republic-population/,"5,698,984",3.37%,"185,702",9,"622,980","−15,608",5.69,14.6,44.5%,0.069%
State of Palestine,https://www.worldometers.info/world-population/state-of-palestine-population/,"5,692,790",1.85%,"103,167",946,"6,020","−20,055",3.13,20.3,85%,0.069%
Oman,https://www.worldometers.info/world-population/oman-population/,"5,671,458",3.22%,"176,767",18,"309,500","79,740",2.44,29.8,89.6%,0.068%
Norway,https://www.worldometers.info/world-population/norway-population/,"5,652,989",0.53%,"29,918",15,"365,268","12,047",1.42,40.1,86.5%,0.068%
Finland,https://www.worldometers.info/world-population/finland-population/,"5,621,739",−0.03%,"−1,590",18,"303,890","12,666",1.3,43.4,87.1%,0.068%
Mauritania,https://www.worldometers.info/world-population/mauritania-population/,"5,461,319",2.75%,"146,254",5,"1,030,700","−5,842",4.49,17.5,60.9%,0.066%
Slovakia,https://www.worldometers.info/world-population/slovakia-population/,"5,451,342",−0.43%,"−23,539",113,"48,088",134,1.57,42.8,54.3%,0.066%
Ireland,https://www.worldometers.info/world-population/ireland-population/,"5,356,950",0.92%,"48,911",78,"68,890","32,022",1.6,39.2,62.2%,0.065%
New Zealand,https://www.worldometers.info/world-population/new-zealand-population/,"5,287,479",0.68%,"35,580",20,"263,310","16,435",1.64,38,83.7%,0.064%
Costa Rica,https://www.worldometers.info/world-population/costa-rica-population/,"5,174,789",0.42%,"21,839",101,"51,060",966,1.31,35.7,85.9%,0.062%
Kuwait,https://www.worldometers.info/world-population/kuwait-population/,"5,102,773",1.53%,"76,695",286,"17,820","30,696",1.49,34.8,91.3%,0.061%
Panama,https://www.worldometers.info/world-population/panama-population/,"4,625,718",1.19%,"54,529",62,"74,340","5,665",2.07,30.6,71.1%,0.056%
Croatia,https://www.worldometers.info/world-population/croatia-population/,"3,822,345",−0.67%,"−25,815",68,"55,960","−2,491",1.47,45.5,62.2%,0.046%
Georgia,https://www.worldometers.info/world-population/georgia-population/,"3,804,642",−0.05%,"−2,029",55,"69,490","1,215",1.78,37.6,62.2%,0.046%
Eritrea,https://www.worldometers.info/world-population/eritrea-population/,"3,682,669",2.1%,"75,666",36,"101,000","−7,520",3.55,19.5,75.9%,0.044%
Mongolia,https://www.worldometers.info/world-population/mongolia-population/,"3,556,798",1.13%,"39,698",2,"1,553,560",12,2.54,27,67.3%,0.043%
Uruguay,https://www.worldometers.info/world-population/uruguay-population/,"3,382,537",−0.06%,"−2,151",19,"175,020","−1,413",1.38,36.7,–,0.041%
Puerto Rico,https://www.worldometers.info/world-population/puerto-rico-population/,"3,222,688",−0.39%,"−12,601",363,"8,870","1,056",0.94,46.2,–,0.039%
Qatar,https://www.worldometers.info/world-population/qatar-population/,"3,173,559",1.85%,"57,670",273,"11,610","24,791",1.69,33.4,96.2%,0.038%
Namibia,https://www.worldometers.info/world-population/namibia-population/,"3,153,246",1.95%,"60,430",4,"823,290",47,3.13,21.5,55.2%,0.038%
Bosnia and Herzegovina,https://www.worldometers.info/world-population/bosnia-and-herzegovina-population/,"3,114,242",−0.82%,"−25,853",61,"51,000","−7,581",1.5,46.1,57.1%,0.038%
Moldova,https://www.worldometers.info/world-population/moldova-population/,"2,961,253",−1.16%,"−34,853",90,"32,850","−16,732",1.72,39.1,58.5%,0.036%
Armenia,https://www.worldometers.info/world-population/armenia-population/,"2,930,915",−0.73%,"−21,450",103,"28,470","−27,000",1.71,37.2,64.4%,0.035%
Gambia,https://www.worldometers.info/world-population/gambia-population/,"2,884,079",2.2%,"61,986",285,"10,120","−2,894",3.7,18.8,62.2%,0.035%
Jamaica,https://www.worldometers.info/world-population/jamaica-population/,"2,833,403",−0.13%,"−3,674",262,"10,830","−11,683",1.33,33.3,60.7%,0.034%
Lithuania,https://www.worldometers.info/world-population/lithuania-population/,"2,797,338",−1.16%,"−32,806",45,"62,674","−4,846",1.22,42.6,68.9%,0.034%
Albania,https://www.worldometers.info/world-population/albania-population/,"2,751,025",−0.74%,"−20,483",100,"27,400","−22,595",1.32,37.8,71.6%,0.033%
Gabon,https://www.worldometers.info/world-population/gabon-population/,"2,647,399",2.09%,"54,269",10,"257,670","1,152",3.49,21.6,83.8%,0.032%
Botswana,https://www.worldometers.info/world-population/botswana-population/,"2,603,388",1.61%,"41,266",5,"566,730","−4,169",2.63,23.7,76.1%,0.031%
Lesotho,https://www.worldometers.info/world-population/lesotho-population/,"2,389,336",1.1%,"26,011",79,"30,360","−4,876",2.61,22.1,33.3%,0.029%
Guinea-Bissau,https://www.worldometers.info/world-population/guinea-bissau-population/,"2,297,808",2.15%,"48,293",82,"28,120","−1,893",3.62,19.6,46.6%,0.028%
Slovenia,https://www.worldometers.info/world-population/slovenia-population/,"2,114,573",−0.12%,"−2,499",105,"20,140","2,609",1.58,45,56.1%,0.025%
Equatorial Guinea,https://www.worldometers.info/world-population/equatorial-guinea-population/,"1,984,468",2.37%,"46,037",71,"28,050","3,533",3.96,20.9,64.2%,0.024%
Latvia,https://www.worldometers.info/world-population/latvia-population/,"1,835,935",−0.95%,"−17,624",30,"62,200",−360,1.35,43.8,67.7%,0.022%
North Macedonia,https://www.worldometers.info/world-population/north-macedonia-population/,"1,804,063",−0.54%,"−9,728",72,"25,220","−5,731",1.47,41.4,70.3%,0.022%
Bahrain,https://www.worldometers.info/world-population/bahrain-population/,"1,675,572",1.96%,"32,240","2,205",760,"14,280",1.77,33.4,–,0.020%
Trinidad and Tobago,https://www.worldometers.info/world-population/trinidad-and-tobago-population/,"1,513,268",0.14%,"2,113",295,"5,130",160,1.52,38.2,49.1%,0.018%
Timor-Leste,https://www.worldometers.info/world-population/timor-leste-population/,"1,436,923",1.3%,"18,406",97,"14,870","−1,695",2.5,22.1,36.7%,0.017%
Cyprus,https://www.worldometers.info/world-population/cyprus-population/,"1,382,334",0.84%,"11,580",150,"9,240","7,210",1.37,39.1,61.1%,0.017%
Estonia,https://www.worldometers.info/world-population/estonia-population/,"1,331,062",−0.98%,"−13,170",31,"42,390",−716,1.38,43.2,67.5%,0.016%
Eswatini,https://www.worldometers.info/world-population/swaziland-population/,"1,269,859",1.09%,"13,685",74,"17,200","−5,493",2.64,22.7,31.7%,0.015%
Mauritius,https://www.worldometers.info/world-population/mauritius-population/,"1,265,059",−0.25%,"−3,221",623,"2,030","−2,679",1.21,38.3,41.8%,0.015%
Djibouti,https://www.worldometers.info/world-population/djibouti-population/,"1,199,459",1.3%,"15,383",52,"23,180",302,2.54,25.2,71.4%,0.014%
Fiji,https://www.worldometers.info/world-population/fiji-population/,"937,282",0.44%,"4,128",51,"18,270","−3,385",2.23,28.3,61.3%,0.011%
Comoros,https://www.worldometers.info/world-population/comoros-population/,"899,010",1.83%,"16,163",483,"1,861","−2,225",3.71,20.7,34%,0.011%
Réunion,https://www.worldometers.info/world-population/reunion-population/,"886,298",0.44%,"3,893",355,"2,500","−2,079",2.12,38.4,–,0.011%
Solomon Islands,https://www.worldometers.info/world-population/solomon-islands-population/,"858,288",2.34%,"19,643",31,"27,990","1,570",3.42,20.9,23%,0.010%
Guyana,https://www.worldometers.info/world-population/guyana-population/,"840,890",0.59%,"4,904",4,"196,850","−4,787",2.35,26.5,26.8%,0.010%
Bhutan,https://www.worldometers.info/world-population/bhutan-population/,"802,214",0.69%,"5,532",21,"38,117",633,1.43,31,51.1%,0.0097%
Macao,https://www.worldometers.info/world-population/china-macao-sar-population/,"723,188",0.16%,"1,181","24,106",30,826,0.7,40.3,98.3%,0.0087%
Luxembourg,https://www.worldometers.info/world-population/luxembourg-population/,"687,448",1.03%,"6,995",265,"2,590","4,938",1.41,39.7,87.4%,0.0083%
Suriname,https://www.worldometers.info/world-population/suriname-population/,"645,256",0.84%,"5,406",4,"156,000",−965,2.19,28.9,62.4%,0.0078%
Montenegro,https://www.worldometers.info/world-population/montenegro-population/,"626,233",−1.03%,"−6,496",47,"13,450","−2,824",1.79,40.4,69.7%,0.0075%
Western Sahara,https://www.worldometers.info/world-population/western-sahara-population/,"610,813",1.65%,"9,909",2,"266,000","4,689",2.13,32.8,97.6%,0.0074%
Malta,https://www.worldometers.info/world-population/malta-population/,"549,011",0.66%,"3,606","1,716",320,"2,157",1.12,41.5,76.2%,0.0066%
Maldives,https://www.worldometers.info/world-population/maldives-population/,"531,517",0.35%,"1,841","1,772",300,"−2,079",1.53,33.4,40.3%,0.0064%
Cabo Verde,https://www.worldometers.info/world-population/cabo-verde-population/,"529,630",0.44%,"2,304",131,"4,030","−1,338",1.49,29.5,79.6%,0.0064%
Brunei,https://www.worldometers.info/world-population/brunei-darussalam-population/,"469,775",0.74%,"3,445",89,"5,270",8,1.7,33.2,80.6%,0.0057%
Belize,https://www.worldometers.info/world-population/belize-population/,"428,644",1.35%,"5,720",19,"22,810",392,1.99,27.3,49%,0.0052%
Bahamas,https://www.worldometers.info/world-population/bahamas-population/,"404,628",0.4%,"1,595",40,"10,010",902,1.36,35.7,88.9%,0.0049%
Iceland,https://www.worldometers.info/world-population/iceland-population/,"402,329",1.02%,"4,063",4,"100,250","2,027",1.49,36.6,83.7%,0.0048%
Guadeloupe,https://www.worldometers.info/world-population/guadeloupe-population/,"372,453",−0.36%,"−1,338",220,"1,690","−1,442",2.04,47.4,–,0.0045%
Mayotte,https://www.worldometers.info/world-population/mayotte-population/,"347,536",3.12%,"10,525",927,375,−2,4.43,17.3,41.1%,0.0042%
Vanuatu,https://www.worldometers.info/world-population/vanuatu-population/,"342,564",2.21%,"7,395",28,"12,190",−113,3.5,20.3,25.5%,0.0041%
Martinique,https://www.worldometers.info/world-population/martinique-population/,"337,711",−0.8%,"−2,728",319,"1,060","−2,264",1.95,50.2,–,0.0041%
French Guiana,https://www.worldometers.info/world-population/french-guiana-population/,"318,872",1.66%,"5,206",4,"82,200",−765,3.25,24.9,95.2%,0.0038%
New Caledonia,https://www.worldometers.info/world-population/new-caledonia-population/,"297,892",0.87%,"2,559",16,"18,280",348,1.93,34.8,76.3%,0.0036%
French Polynesia,https://www.worldometers.info/world-population/french-polynesia-population/,"283,076",0.22%,611,77,"3,660","−1,158",1.47,36.7,66.3%,0.0034%
Barbados,https://www.worldometers.info/world-population/barbados-population/,"282,724",0.04%,101,657,430,−98,1.71,39.7,32.7%,0.0034%
Sao Tome & Principe,https://www.worldometers.info/world-population/sao-tome-and-principe-population/,"244,994",1.97%,"4,740",255,960,−691,3.47,19.7,78.9%,0.0030%
Samoa,https://www.worldometers.info/world-population/samoa-population/,"220,528",0.56%,"1,222",78,"2,830","−2,792",3.7,19.8,16.3%,0.0027%
Curaçao,https://www.worldometers.info/world-population/curacao-population/,"185,440",−0.03%,−47,418,444,462,1.07,39,81.2%,0.0022%
Saint Lucia,https://www.worldometers.info/world-population/saint-lucia-population/,"180,488",0.19%,339,296,610,−49,1.37,35.1,20.1%,0.0022%
Guam,https://www.worldometers.info/world-population/guam-population/,"170,185",0.7%,"1,186",315,540,−471,2.68,31.6,98.9%,0.0021%
Kiribati,https://www.worldometers.info/world-population/kiribati-population/,"138,445",1.43%,"1,957",171,810,−441,3.06,23,57.9%,0.0017%
Seychelles,https://www.worldometers.info/world-population/seychelles-population/,"134,959",1.64%,"2,180",293,460,"1,367",2.06,34.6,43.4%,0.0016%
Grenada,https://www.worldometers.info/world-population/grenada-population/,"117,362",0.05%,59,345,340,−199,1.45,34.9,35.8%,0.0014%
Micronesia,https://www.worldometers.info/world-population/micronesia-population/,"114,183",0.44%,500,163,700,–,–,–,23.8%,0.0014%
Aruba,https://www.worldometers.info/world-population/aruba-population/,"108,164",0.02%,17,601,180,73,1.6,41.7,45.1%,0.0013%
Tonga,https://www.worldometers.info/world-population/tonga-population/,"103,291",−0.43%,−451,143,720,"−2,117",3.04,21,26.4%,0.0012%
St. Vincent & Grenadines,https://www.worldometers.info/world-population/saint-vincent-and-the-grenadines-population/,"99,245",−0.68%,−679,254,390,−671,1.73,34.7,62.6%,0.0012%
Antigua and Barbuda,https://www.worldometers.info/world-population/antigua-and-barbuda-population/,"94,626",0.44%,417,215,440,−2,1.57,36.7,28.6%,0.0011%
Isle of Man,https://www.worldometers.info/world-population/isle-of-man-population/,"84,055",−0.07%,−63,147,570,158,1.53,46.3,57.3%,0.0010%
Andorra,https://www.worldometers.info/world-population/andorra-population/,"83,753",1.02%,849,178,470,751,1.1,44.2,81.6%,0.0010%
U.S. Virgin Islands,https://www.worldometers.info/world-population/united-states-virgin-islands-population/,"83,400",−0.88%,−738,238,350,−360,2.05,44.9,–,0.0010%
Cayman Islands,https://www.worldometers.info/world-population/cayman-islands-population/,"77,196",1.78%,"1,352",322,240,888,1.5,39.1,88.5%,0.00093%
Dominica,https://www.worldometers.info/world-population/dominica-population/,"65,511",−0.55%,−360,87,750,−241,1.46,36.6,85.6%,0.00079%
Bermuda,https://www.worldometers.info/world-population/bermuda-population/,"64,459",−0.15%,−96,"1,289",50,−9,1.42,46.4,93%,0.00078%
Faeroe Islands,https://www.worldometers.info/world-population/faeroe-islands-population/,"56,526",0.94%,524,40,"1,396",311,2.19,37.1,39.5%,0.00068%
Greenland,https://www.worldometers.info/world-population/greenland-population/,"55,629",−0.21%,−116,0,"410,450",−249,1.9,35.5,91.2%,0.00067%
Turks and Caicos,https://www.worldometers.info/world-population/turks-and-caicos-islands-population/,"47,148",0.63%,293,50,950,151,1.43,39.6,80%,0.00057%
Saint Kitts & Nevis,https://www.worldometers.info/world-population/saint-kitts-and-nevis-population/,"46,992",0.15%,70,181,260,11,1.5,36.5,39.8%,0.00057%
American Samoa,https://www.worldometers.info/world-population/american-samoa-population/,"45,319",−1.54%,−710,227,200,"−1,004",2.22,29.1,–,0.00055%
Sint Maarten,https://www.worldometers.info/world-population/sint-maarten-population/,"44,447",1.19%,524,"1,307",34,485,1.42,42,99.6%,0.00054%
Northern Mariana Islands,https://www.worldometers.info/world-population/northern-mariana-islands-population/,"42,914",−1.44%,−627,93,460,−790,2.24,38.8,–,0.00052%
Gibraltar,https://www.worldometers.info/world-population/gibraltar-population/,"40,867",1.85%,741,"4,087",10,480,1.88,38.8,87.1%,0.00049%
Liechtenstein,https://www.worldometers.info/world-population/liechtenstein-population/,"40,368",0.6%,240,252,160,193,1.54,44.7,14.8%,0.00049%
British Virgin Islands,https://www.worldometers.info/world-population/british-virgin-islands-population/,"39,936",0.51%,204,266,150,105,1.06,39.1,43.9%,0.00048%
Monaco,https://www.worldometers.info/world-population/monaco-population/,"38,087",−0.66%,−254,"25,562",1,106,2.08,53.1,–,0.00046%
Marshall Islands,https://www.worldometers.info/world-population/marshall-islands-population/,"35,075",−3.33%,"−1,207",195,180,"−1,575",2.77,20.5,–,0.00042%
San Marino,https://www.worldometers.info/world-population/san-marino-population/,"33,605",0.1%,33,560,60,127,1.17,49.1,–,0.00040%
Caribbean Netherlands,https://www.worldometers.info/world-population/caribbean-netherlands-population/,"31,913",1.83%,575,97,328,509,1.44,39.7,64.9%,0.00038%
Palau,https://www.worldometers.info/world-population/palau-population/,"17,614",−0.28%,−49,38,460,−22,1.84,38.9,–,0.00021%
Anguilla,https://www.worldometers.info/world-population/anguilla-population/,"14,817",0.6%,89,165,90,33,1.34,39.1,–,0.00018%
Cook Islands,https://www.worldometers.info/world-population/cook-islands-population/,"12,826",−3.29%,−437,53,240,−419,1.98,38.1,–,0.00015%
Nauru,https://www.worldometers.info/world-population/nauru-population/,"12,101",0.63%,76,605,20,−111,3.21,20.2,93.8%,0.00015%
Saint Barthelemy,https://www.worldometers.info/world-population/saint-barthelemy-population/,"11,550",1.19%,136,550,21,143,0.84,39.1,–,0.00014%
Wallis & Futuna,https://www.worldometers.info/world-population/wallis-and-futuna-islands-population/,"11,113",−0.72%,−81,79,140,−80,1.39,38.6,–,0.00013%
Tuvalu,https://www.worldometers.info/world-population/tuvalu-population/,"9,362",−1.37%,−130,312,30,−225,3.1,24.1,89%,0.00011%
Saint Pierre & Miquelon,https://www.worldometers.info/world-population/saint-pierre-and-miquelon-population/,"5,513",−1.09%,−61,24,230,−9,1.28,47.6,–,0.000066%
Saint Helena,https://www.worldometers.info/world-population/saint-helena-population/,"5,147",−0.96%,−50,13,390,0,1.64,51,34.1%,0.000062%
Montserrat,https://www.worldometers.info/world-population/montserrat-population/,"4,328",−0.71%,−31,43,100,−10,1.45,41.8,11.7%,0.000052%
Falkland Islands,https://www.worldometers.info/world-population/falkland-islands-malvinas-population/,"3,465",−0.12%,−4,0,"12,170",−16,1.69,43.4,68.4%,0.000042%
Tokelau,https://www.worldometers.info/world-population/tokelau-population/,"2,691",3.18%,83,269,10,43,2.54,27.6,–,0.000032%
Niue,https://www.worldometers.info/world-population/niue-population/,"1,822",0.05%,1,7,260,2,2.44,35.1,45.2%,0.000022%
Holy See,https://www.worldometers.info/world-population/holy-see-population/,506,1%,5,"1,265",0,13,1,56.2,–,0.0000061%