"tablescraper-selected-row","external","external href","tablescraper-selected-row 2","tablescraper-selected-row href","tablescraper-selected-row 3","tablescraper-selected-row 4","tablescraper-selected-row 5","tablescraper-selected-row 6","mw-file-element src","mw-file-element src 2","reference","reference href","cite-bracket","cite-bracket 2","tablescraper-selected-row href 2","tablescraper-selected-row 7"
"1","@khaby.lame","https://www.tiktok.com/@khaby.lame","Khaby Lame","https://en.wikipedia.org/wiki/Khaby_Lame","160.4","2.6","Social media personality",".mw-parser-output .plainlist ol,.mw-parser-output .plainlist ul{line-height:inherit;list-style:none;margin:0;padding:0}.mw-parser-output .plainlist ol li,.mw-parser-output .plainlist ul li{margin-bottom:0}","https://upload.wikimedia.org/wikipedia/en/thumb/0/03/Flag_of_Italy.svg/40px-Flag_of_Italy.svg.png","https://upload.wikimedia.org/wikipedia/commons/thumb/f/fd/Flag_of_Senegal.svg/40px-Flag_of_Senegal.svg.png","5","https://en.wikipedia.org/wiki/List_of_most-followed_TikTok_accounts#cite_note-5","[","]","",""
"2","@charlidamelio","https://www.tiktok.com/@charlidamelio","Charli D'Amelio","https://en.wikipedia.org/wiki/Charli_D%27Amelio","155.8","11.9","Dancer and social media personality","United States","https://upload.wikimedia.org/wikipedia/en/thumb/a/a4/Flag_of_the_United_States.svg/40px-Flag_of_the_United_States.svg.png","","6","https://en.wikipedia.org/wiki/List_of_most-followed_TikTok_accounts#cite_note-6","[","]","https://en.wikipedia.org/wiki/United_States",""
"3","@mrbeast","https://www.tiktok.com/@mrbeast","MrBeast","https://en.wikipedia.org/wiki/MrBeast","124.6","1.3","Social media personality","United States","https://upload.wikimedia.org/wikipedia/en/thumb/a/a4/Flag_of_the_United_States.svg/40px-Flag_of_the_United_States.svg.png","","7","https://en.wikipedia.org/wiki/List_of_most-followed_TikTok_accounts#cite_note-7","[","]","https://en.wikipedia.org/wiki/United_States",""
"4","@tiktok","https://www.tiktok.com/@tiktok","TikTok","https://en.wikipedia.org/wiki/TikTok","0.45","Social media platform","","China","https://upload.wikimedia.org/wikipedia/commons/thumb/f/fa/Flag_of_the_People%27s_Republic_of_China.svg/40px-Flag_of_the_People%27s_Republic_of_China.svg.png","https://upload.wikimedia.org/wikipedia/commons/thumb/2/26/Check-green.svg/20px-Check-green.svg.png","8","https://en.wikipedia.org/wiki/List_of_most-followed_TikTok_accounts#cite_note-8","[","]","https://en.wikipedia.org/wiki/China","92.8"
"5","@bellapoarch","https://www.tiktok.com/@bellapoarch","Bella Poarch","https://en.wikipedia.org/wiki/Bella_Poarch","92.7","2.4","Singer and social media personality","Philippines","https://upload.wikimedia.org/wikipedia/commons/thumb/9/99/Flag_of_the_Philippines.svg/40px-Flag_of_the_Philippines.svg.png","https://upload.wikimedia.org/wikipedia/en/thumb/a/a4/Flag_of_the_United_States.svg/40px-Flag_of_the_United_States.svg.png","9","https://en.wikipedia.org/wiki/List_of_most-followed_TikTok_accounts#cite_note-9","[","]","https://en.wikipedia.org/wiki/Philippines","United States"
"6","@addisonre","https://www.tiktok.com/@addisonre","Addison Rae","https://en.wikipedia.org/wiki/Addison_Rae","88.3","5.3","Singer and actress","United States","https://upload.wikimedia.org/wikipedia/en/thumb/a/a4/Flag_of_the_United_States.svg/40px-Flag_of_the_United_States.svg.png","","10","https://en.wikipedia.org/wiki/List_of_most-followed_TikTok_accounts#cite_note-10","[","]","https://en.wikipedia.org/wiki/United_States",""
"7","@zachking","https://www.tiktok.com/@zachking","Zach King","https://en.wikipedia.org/wiki/Zach_King","84.3","1.2","Social media personality","United States","https://upload.wikimedia.org/wikipedia/en/thumb/a/a4/Flag_of_the_United_States.svg/40px-Flag_of_the_United_States.svg.png","","11","https://en.wikipedia.org/wiki/List_of_most-followed_TikTok_accounts#cite_note-11","[","]","https://en.wikipedia.org/wiki/United_States",""
"8","@williesalim","https://www.tiktok.com/@williesalim","Indonesia","https://en.wikipedia.org/wiki/Indonesia","83.9","1.6","Social media personality","","https://upload.wikimedia.org/wikipedia/commons/thumb/9/9f/Flag_of_Indonesia.svg/40px-Flag_of_Indonesia.svg.png","","12","https://en.wikipedia.org/wiki/List_of_most-followed_TikTok_accounts#cite_note-12","[","]","","Willie Salim"
"9","@kimberly.loaiza","https://www.tiktok.com/@kimberly.loaiza","Kimberly Loaiza","https://en.wikipedia.org/wiki/Kimberly_Loaiza","83.7","4.2","Social media personality","Mexico","https://upload.wikimedia.org/wikipedia/commons/thumb/f/fc/Flag_of_Mexico.svg/40px-Flag_of_Mexico.svg.png","","","","","","https://en.wikipedia.org/wiki/Mexico",""
"10","@therock","https://www.tiktok.com/@therock","Dwayne Johnson","https://en.wikipedia.org/wiki/Dwayne_Johnson","79.8","0.65","Actor and professional wrestler","United States","https://upload.wikimedia.org/wikipedia/en/thumb/a/a4/Flag_of_the_United_States.svg/40px-Flag_of_the_United_States.svg.png","","13","https://en.wikipedia.org/wiki/List_of_most-followed_TikTok_accounts#cite_note-13","[","]","https://en.wikipedia.org/wiki/United_States",""
"11","@willsmith","https://www.tiktok.com/@willsmith","Will Smith","https://en.wikipedia.org/wiki/Will_Smith","78.9","0.66","Actor and rapper","United States","https://upload.wikimedia.org/wikipedia/en/thumb/a/a4/Flag_of_the_United_States.svg/40px-Flag_of_the_United_States.svg.png","","14","https://en.wikipedia.org/wiki/List_of_most-followed_TikTok_accounts#cite_note-14","[","]","https://en.wikipedia.org/wiki/United_States",""
"12","@domelipa","https://www.tiktok.com/@domelipa","Mexico","https://en.wikipedia.org/wiki/Mexico","76","5.2","Social media personality","","https://upload.wikimedia.org/wikipedia/commons/thumb/f/fc/Flag_of_Mexico.svg/40px-Flag_of_Mexico.svg.png","","15","https://en.wikipedia.org/wiki/List_of_most-followed_TikTok_accounts#cite_note-15","[","]","","Dominik Lipa"
"13","@billieeilish","https://www.tiktok.com/@billieeilish","Billie Eilish","https://en.wikipedia.org/wiki/Billie_Eilish","74.3","0.52","Singer","United States","https://upload.wikimedia.org/wikipedia/en/thumb/a/a4/Flag_of_the_United_States.svg/40px-Flag_of_the_United_States.svg.png","","16","https://en.wikipedia.org/wiki/List_of_most-followed_TikTok_accounts#cite_note-16","[","]","https://en.wikipedia.org/wiki/United_States",""
"14","@cznburak","https://www.tiktok.com/@cznburak","CZN Burak","https://en.wikipedia.org/wiki/CZN_Burak","74.1","1.5","Social media personality","Turkey","https://upload.wikimedia.org/wikipedia/commons/thumb/b/b4/Flag_of_Turkey.svg/40px-Flag_of_Turkey.svg.png","","17","https://en.wikipedia.org/wiki/List_of_most-followed_TikTok_accounts#cite_note-17","[","]","https://en.wikipedia.org/wiki/Turkey",""
"15","@bts_official_bighit","https://www.tiktok.com/@bts_official_bighit","BTS","https://en.wikipedia.org/wiki/BTS","73.9","1.7","Band","South Korea","https://upload.wikimedia.org/wikipedia/commons/thumb/0/09/Flag_of_South_Korea.svg/40px-Flag_of_South_Korea.svg.png","","18","https://en.wikipedia.org/wiki/List_of_most-followed_TikTok_accounts#cite_note-18","[","]","https://en.wikipedia.org/wiki/South_Korea",""
"16","@realmadrid","https://www.tiktok.com/@realmadrid","Real Madrid CF","https://en.wikipedia.org/wiki/Real_Madrid_CF","1.9","Professional football club","","Spain","https://upload.wikimedia.org/wikipedia/en/thumb/9/9a/Flag_of_Spain.svg/40px-Flag_of_Spain.svg.png","https://upload.wikimedia.org/wikipedia/commons/thumb/2/26/Check-green.svg/20px-Check-green.svg.png","19","https://en.wikipedia.org/wiki/List_of_most-followed_TikTok_accounts#cite_note-19","[","]","https://en.wikipedia.org/wiki/Spain","70.2"
"17","@vilmeijuga","https://www.tiktok.com/@vilmeijuga","Indonesia","https://en.wikipedia.org/wiki/Indonesia","68","2.3","Social media personality","","https://upload.wikimedia.org/wikipedia/commons/thumb/9/9f/Flag_of_Indonesia.svg/40px-Flag_of_Indonesia.svg.png","","","","","","","Vilmei"
"18","@jasonderulo","https://www.tiktok.com/@jasonderulo","Jason Derulo","https://en.wikipedia.org/wiki/Jason_Derulo","65.7","1.3","Singer","United States","https://upload.wikimedia.org/wikipedia/en/thumb/a/a4/Flag_of_the_United_States.svg/40px-Flag_of_the_United_States.svg.png","","20","https://en.wikipedia.org/wiki/List_of_most-followed_TikTok_accounts#cite_note-20","[","]","https://en.wikipedia.org/wiki/United_States",""
"19","@fcbarcelona","https://www.tiktok.com/@fcbarcelona","FC Barcelona","https://en.wikipedia.org/wiki/FC_Barcelona","2.5","Professional football club","","Spain","https://upload.wikimedia.org/wikipedia/en/thumb/9/9a/Flag_of_Spain.svg/40px-Flag_of_Spain.svg.png","https://upload.wikimedia.org/wikipedia/commons/thumb/2/26/Check-green.svg/20px-Check-green.svg.png","","","","","https://en.wikipedia.org/wiki/Spain","63.8"
"20","@kyliejenner","https://www.tiktok.com/@kyliejenner","Kylie Jenner","https://en.wikipedia.org/wiki/Kylie_Jenner","59.7","1.8","Media personality, socialite, and businesswoman","United States","https://upload.wikimedia.org/wikipedia/en/thumb/a/a4/Flag_of_the_United_States.svg/40px-Flag_of_the_United_States.svg.png","","","","","","https://en.wikipedia.org/wiki/United_States",""
"21","@selenagomez","https://www.tiktok.com/@selenagomez","Selena Gomez","https://en.wikipedia.org/wiki/Selena_Gomez","59.1","0.70","Singer and actress","United States","https://upload.wikimedia.org/wikipedia/en/thumb/a/a4/Flag_of_the_United_States.svg/40px-Flag_of_the_United_States.svg.png","","21","https://en.wikipedia.org/wiki/List_of_most-followed_TikTok_accounts#cite_note-21","[","]","https://en.wikipedia.org/wiki/United_States",""
"22","@youneszarou","https://www.tiktok.com/@youneszarou","Morocco","https://en.wikipedia.org/wiki/Morocco","57.2","1.3","Social media personality","Germany","https://upload.wikimedia.org/wikipedia/commons/thumb/2/2c/Flag_of_Morocco.svg/40px-Flag_of_Morocco.svg.png","https://upload.wikimedia.org/wikipedia/en/thumb/b/ba/Flag_of_Germany.svg/40px-Flag_of_Germany.svg.png","22","https://en.wikipedia.org/wiki/List_of_most-followed_TikTok_accounts#cite_note-22","[","]","https://en.wikipedia.org/wiki/Germany","Younes Zarou"
"23","@espn","https://www.tiktok.com/@espn","ESPN","https://en.wikipedia.org/wiki/ESPN","9.2","Basic cable sports channel","","United States","https://upload.wikimedia.org/wikipedia/en/thumb/a/a4/Flag_of_the_United_States.svg/40px-Flag_of_the_United_States.svg.png","https://upload.wikimedia.org/wikipedia/commons/thumb/2/26/Check-green.svg/20px-Check-green.svg.png","24","https://en.wikipedia.org/wiki/List_of_most-followed_TikTok_accounts#cite_note-24","[","]","https://en.wikipedia.org/wiki/United_States","56.5"
"24","@karolg","https://www.tiktok.com/@karolg","Karol G","https://en.wikipedia.org/wiki/Karol_G","55.4","0.50","Singer","Colombia","https://upload.wikimedia.org/wikipedia/commons/thumb/2/21/Flag_of_Colombia.svg/40px-Flag_of_Colombia.svg.png","","25","https://en.wikipedia.org/wiki/List_of_most-followed_TikTok_accounts#cite_note-25","[","]","https://en.wikipedia.org/wiki/Colombia",""
"25","@bayashi.tiktok","https://www.tiktok.com/@bayashi.tiktok","Japan","https://en.wikipedia.org/wiki/Japan","55","1.8","Social media personality","","https://upload.wikimedia.org/wikipedia/en/thumb/9/9e/Flag_of_Japan.svg/40px-Flag_of_Japan.svg.png","","26","https://en.wikipedia.org/wiki/List_of_most-followed_TikTok_accounts#cite_note-japanbuzz1-26","[","]","","Hiroaki Nakabayashi"
"26","@omari.to","https://www.tiktok.com/@omari.to","Kazakhstan","https://en.wikipedia.org/wiki/Kazakhstan","54.5","0.67","Social media personality","","https://upload.wikimedia.org/wikipedia/commons/thumb/d/d3/Flag_of_Kazakhstan.svg/40px-Flag_of_Kazakhstan.svg.png","","","","","","","Aliev Omar"
"27","@dixiedamelio","https://www.tiktok.com/@dixiedamelio","Dixie D'Amelio","https://en.wikipedia.org/wiki/Dixie_D%27Amelio","54.3","3.3","Singer and social media personality","United States","https://upload.wikimedia.org/wikipedia/en/thumb/a/a4/Flag_of_the_United_States.svg/40px-Flag_of_the_United_States.svg.png","","27","https://en.wikipedia.org/wiki/List_of_most-followed_TikTok_accounts#cite_note-27","[","]","https://en.wikipedia.org/wiki/United_States",""
"28","@homm9k","https://www.tiktok.com/@homm9k","Kazakhstan","https://en.wikipedia.org/wiki/Kazakhstan","54.1","1.4","Social media personality","","https://upload.wikimedia.org/wikipedia/commons/thumb/d/d3/Flag_of_Kazakhstan.svg/40px-Flag_of_Kazakhstan.svg.png","","","","","","","HOMA"
"29","@spencerx","https://www.tiktok.com/@spencerx","United States","https://en.wikipedia.org/wiki/United_States","54","1.3","Beatboxer and social media personality","","https://upload.wikimedia.org/wikipedia/en/thumb/a/a4/Flag_of_the_United_States.svg/40px-Flag_of_the_United_States.svg.png","","28","https://en.wikipedia.org/wiki/List_of_most-followed_TikTok_accounts#cite_note-28","[","]","","Spencer Polanco Knight"
"30","@championsleague","https://www.tiktok.com/@championsleague","Champions League","https://en.wikipedia.org/wiki/UEFA_Champions_League","2.3","Annual club association football competition","Europe","","","https://upload.wikimedia.org/wikipedia/commons/thumb/2/26/Check-green.svg/20px-Check-green.svg.png","","","","","","54"
"31","@lorengray","https://www.tiktok.com/@lorengray","Loren Gray","https://en.wikipedia.org/wiki/Loren_Gray","53","3.1","Singer, dancer, actress, and social media personality","United States","https://upload.wikimedia.org/wikipedia/en/thumb/a/a4/Flag_of_the_United_States.svg/40px-Flag_of_the_United_States.svg.png","","29","https://en.wikipedia.org/wiki/List_of_most-followed_TikTok_accounts#cite_note-:0-29","[","]","https://en.wikipedia.org/wiki/United_States",""
"32","@roses_are_rosie","https://www.tiktok.com/@roses_are_rosie","Rosé","https://en.wikipedia.org/wiki/Ros%C3%A9_(singer)","52","0.69","Singer","","https://upload.wikimedia.org/wikipedia/commons/thumb/3/3e/Flag_of_New_Zealand.svg/40px-Flag_of_New_Zealand.svg.png","https://upload.wikimedia.org/wikipedia/commons/thumb/0/09/Flag_of_South_Korea.svg/40px-Flag_of_South_Korea.svg.png","30","https://en.wikipedia.org/wiki/List_of_most-followed_TikTok_accounts#cite_note-30","[","]","mw-data:TemplateStyles:r1126788409",""
"33","@riaricis","https://www.tiktok.com/@riaricis","Indonesia","https://en.wikipedia.org/wiki/Indonesia","51.8","1.7","Social media personality","","https://upload.wikimedia.org/wikipedia/commons/thumb/9/9f/Flag_of_Indonesia.svg/40px-Flag_of_Indonesia.svg.png","","31","https://en.wikipedia.org/wiki/List_of_most-followed_TikTok_accounts#cite_note-31","[","]","","Ria Ricis"
"34","@bp_tiktok","https://www.tiktok.com/@bp_tiktok","Blackpink","https://en.wikipedia.org/wiki/Blackpink","51.4","0.66","Band","South Korea","https://upload.wikimedia.org/wikipedia/commons/thumb/0/09/Flag_of_South_Korea.svg/40px-Flag_of_South_Korea.svg.png","","32","https://en.wikipedia.org/wiki/List_of_most-followed_TikTok_accounts#cite_note-32","[","]","https://en.wikipedia.org/wiki/South_Korea",""
"35","@psg","https://www.tiktok.com/@psg","France","https://en.wikipedia.org/wiki/France","1.1","Football club","","","https://upload.wikimedia.org/wikipedia/en/thumb/c/c3/Flag_of_France.svg/40px-Flag_of_France.svg.png","https://upload.wikimedia.org/wikipedia/commons/thumb/2/26/Check-green.svg/20px-Check-green.svg.png","33","https://en.wikipedia.org/wiki/List_of_most-followed_TikTok_accounts#cite_note-33","[","]","","51.1"
"36","@brentrivera","https://www.tiktok.com/@brentrivera","Brent Rivera","https://en.wikipedia.org/wiki/Brent_Rivera","50.5","1.7","Social media personality","United States","https://upload.wikimedia.org/wikipedia/en/thumb/a/a4/Flag_of_the_United_States.svg/40px-Flag_of_the_United_States.svg.png","","","","","","https://en.wikipedia.org/wiki/United_States",""
"37","@netflix","https://www.tiktok.com/@netflix","Netflix","https://en.wikipedia.org/wiki/Netflix","1.6","Subscription video on-demand streaming service","","United States","https://upload.wikimedia.org/wikipedia/en/thumb/a/a4/Flag_of_the_United_States.svg/40px-Flag_of_the_United_States.svg.png","https://upload.wikimedia.org/wikipedia/commons/thumb/2/26/Check-green.svg/20px-Check-green.svg.png","","","","","https://en.wikipedia.org/wiki/United_States","50.5"
"38","@kallmekris","https://www.tiktok.com/@kallmekris","Kristina Collins","https://en.wikipedia.org/wiki/KallMeKris","50.5","2.5","Social media personality and hairdresser","Canada","https://upload.wikimedia.org/wikipedia/commons/thumb/d/d9/Flag_of_Canada_%28Pantone%29.svg/40px-Flag_of_Canada_%28Pantone%29.svg.png","","34","https://en.wikipedia.org/wiki/List_of_most-followed_TikTok_accounts#cite_note-34","[","]","https://en.wikipedia.org/wiki/Canada",""
"39","@justmaiko","https://www.tiktok.com/@justmaiko","United States","https://en.wikipedia.org/wiki/United_States","50.2","1.5","Dancer and social media personality","","https://upload.wikimedia.org/wikipedia/en/thumb/a/a4/Flag_of_the_United_States.svg/40px-Flag_of_the_United_States.svg.png","","","","","","","Michael Le"
"40","@barstoolsports","https://www.tiktok.com/@barstoolsports","Barstool Sports","https://en.wikipedia.org/wiki/Barstool_Sports","9.2","Blog website and digital media company","","United States","https://upload.wikimedia.org/wikipedia/en/thumb/a/a4/Flag_of_the_United_States.svg/40px-Flag_of_the_United_States.svg.png","https://upload.wikimedia.org/wikipedia/commons/thumb/2/26/Check-green.svg/20px-Check-green.svg.png","35","https://en.wikipedia.org/wiki/List_of_most-followed_TikTok_accounts#cite_note-35","[","]","https://en.wikipedia.org/wiki/United_States","48.4"
"41","@ishowspeed","https://www.tiktok.com/@ishowspeed","Darren Jason Watkins Jr.","https://en.wikipedia.org/wiki/IShowSpeed","47.8","0.37","Social media personality, rapper, and streamer","United States","https://upload.wikimedia.org/wikipedia/en/thumb/a/a4/Flag_of_the_United_States.svg/40px-Flag_of_the_United_States.svg.png","","36","https://en.wikipedia.org/wiki/List_of_most-followed_TikTok_accounts#cite_note-36","[","]","https://en.wikipedia.org/wiki/United_States",""
"42","@carlosferiag","https://www.tiktok.com/@carlosferiag","Colombia","https://en.wikipedia.org/wiki/Colombia","47.2","2.7","Singer and social media personality","","https://upload.wikimedia.org/wikipedia/commons/thumb/2/21/Flag_of_Colombia.svg/40px-Flag_of_Colombia.svg.png","","37","https://en.wikipedia.org/wiki/List_of_most-followed_TikTok_accounts#cite_note-37","[","]","","Carlos Feria"
"43","@nianaguerrero","https://www.tiktok.com/@nianaguerrero","Niana Guerrero","https://en.wikipedia.org/wiki/Niana_Guerrero","46.2","1.2","Social media personality and dancer","Philippines","https://upload.wikimedia.org/wikipedia/commons/thumb/9/99/Flag_of_the_Philippines.svg/40px-Flag_of_the_Philippines.svg.png","","38","https://en.wikipedia.org/wiki/List_of_most-followed_TikTok_accounts#cite_note-38","[","]","https://en.wikipedia.org/wiki/Philippines",""
"44","@itsjojosiwa","https://www.tiktok.com/@itsjojosiwa","JoJo Siwa","https://en.wikipedia.org/wiki/JoJo_Siwa","46.1","2","Singer, dancer, actress, and social media personality","United States","https://upload.wikimedia.org/wikipedia/en/thumb/a/a4/Flag_of_the_United_States.svg/40px-Flag_of_the_United_States.svg.png","","39","https://en.wikipedia.org/wiki/List_of_most-followed_TikTok_accounts#cite_note-39","[","]","https://en.wikipedia.org/wiki/United_States",""
"45","@pongamoslo_a_prueba","https://www.tiktok.com/@pongamoslo_a_prueba","Mexico","https://en.wikipedia.org/wiki/Mexico","46","1.7","Social media personality","","https://upload.wikimedia.org/wikipedia/commons/thumb/f/fc/Flag_of_Mexico.svg/40px-Flag_of_Mexico.svg.png","","40","https://en.wikipedia.org/wiki/List_of_most-followed_TikTok_accounts#cite_note-40","[","]","","Pongámoslo a Prueba"
"46","@katteyes","https://www.tiktok.com/@katteyes","","","45.5","3.8","Social media personality","","https://upload.wikimedia.org/wikipedia/commons/thumb/7/78/Flag_of_Chile.svg/40px-Flag_of_Chile.svg.png","https://upload.wikimedia.org/wikipedia/commons/thumb/f/fc/Flag_of_Mexico.svg/40px-Flag_of_Mexico.svg.png","","","","","mw-data:TemplateStyles:r1126788409","Fernanda Villalobos"
"47","@brookemonk_","https://www.tiktok.com/@brookemonk_","United States","https://en.wikipedia.org/wiki/United_States","44.7","4.2","Social media personality","","https://upload.wikimedia.org/wikipedia/en/thumb/a/a4/Flag_of_the_United_States.svg/40px-Flag_of_the_United_States.svg.png","","","","","","","Brooke Monk"
"48","@noelgoescrazy","https://www.tiktok.com/@noelgoescrazy","Germany","https://en.wikipedia.org/wiki/Germany","44.4","0.80","Dancer, social media personality","","https://upload.wikimedia.org/wikipedia/en/thumb/b/ba/Flag_of_Germany.svg/40px-Flag_of_Germany.svg.png","","","","","","","Noel Robinson"
"49","@junya1gou","https://www.tiktok.com/@junya1gou","Japan","https://en.wikipedia.org/wiki/Japan","44","0.71","Social media personality","","https://upload.wikimedia.org/wikipedia/en/thumb/9/9e/Flag_of_Japan.svg/40px-Flag_of_Japan.svg.png","","26","https://en.wikipedia.org/wiki/List_of_most-followed_TikTok_accounts#cite_note-japanbuzz1-26","[","]","","Junya Gou"
"50","@joealbanese","https://www.tiktok.com/@joealbanese","United States","https://en.wikipedia.org/wiki/United_States","44","1.8","Social media personality","","https://upload.wikimedia.org/wikipedia/en/thumb/a/a4/Flag_of_the_United_States.svg/40px-Flag_of_the_United_States.svg.png","","","","","","","Joe Albanese"