Description,Name,Number,Source
Number of Zoos in,United States,350,World Population Review (Feb 2026)
Number of Zoos in,Germany,316,World Population Review (Feb 2026)
Number of Zoos in,United Kingdom,118,World Population Review (Feb 2026)
Number of Zoos in,Australia,104,World Population Review (Feb 2026)
Number of Zoos in,Japan,96,World Population Review (Feb 2026)
Number of Zoos in,Brazil,80,World Population Review (Feb 2026)
Number of Zoos in,India,66,World Population Review (Feb 2026)
Number of Zoos in,Canada,40,World Population Review (Feb 2026)
Number of Zoos in,China,34,World Population Review (Feb 2026)
Number of Zoos in,Czechia,34,World Population Review (Feb 2026)
Number of Zoos in,Italy,31,World Population Review (Feb 2026)
Number of Zoos in,France,27,World Population Review (Feb 2026)
Number of Zoos in,Poland,24,World Population Review (Feb 2026)
Number of Zoos in,Russia,23,World Population Review (Feb 2026)
Number of Zoos in,Philippines,21,World Population Review (Feb 2026)
Number of Zoos in,Malaysia,20,World Population Review (Feb 2026)
Number of Zoos in,Spain,19,World Population Review (Feb 2026)